0.30922,0.30922,0.30922,0.30922,0.30922,0.30922,0.30922,0.30922,0.30922,0.30922,0.30922,0.30922,0.30922,0.30922,0.30922,0.30922,0.30922,0.30922,0.30922,0.30922,0.30922,0.30922,0.30922,0.30943,0.3098,0.3101,0.30952,0.30945,0.30906,0.30767,0.27845,0.27845,0.27845,0.27845,0.27845,0.27845,0.27845,0.27845,0.27845,0.27845,0.27845,0.27845,0.27845,0.27845,0.27845,0.27845,0.27845,0.27845,0.27845,0.27845,0.27845,0.27845,0.27845,0.27804,0.27723,0.27678,0.27689,0.27793,0.27247,0.2667,0.51014,0.51014,0.51014,0.51014,0.51014,0.51014,0.51014,0.51014,0.51014,0.51014,0.51014,0.51014,0.51014,0.51014,0.51014,0.51014,0.51014,0.51014,0.51014,0.51014,0.51014,0.51014,0.51014,0.51025,0.5102,0.51018,0.51118,0.50993,0.51485,0.52076,0,1,0
0.30929,0.30929,0.30929,0.30929,0.30929,0.30929,0.30929,0.30929,0.30929,0.30929,0.30929,0.30929,0.30929,0.30929,0.30929,0.30929,0.30929,0.30936,0.30963,0.30999,0.31035,0.3106,0.31111,0.31151,0.31127,0.31126,0.31171,0.31138,0.31237,0.31333,0.43663,0.43663,0.43663,0.43663,0.43663,0.43663,0.43663,0.43663,0.43663,0.43663,0.43663,0.43663,0.43663,0.43663,0.43663,0.43663,0.43663,0.43626,0.4349,0.433,0.43103,0.42946,0.42632,0.42506,0.42451,0.42244,0.41737,0.40317,0.38752,0.37794,0.33704,0.33704,0.33704,0.33704,0.33704,0.33704,0.33704,0.33704,0.33704,0.33704,0.33704,0.33704,0.33704,0.33704,0.33704,0.33704,0.33704,0.33729,0.33822,0.33952,0.34086,0.34191,0.34359,0.34418,0.34452,0.3471,0.35213,0.36504,0.3763,0.38531,1,0,0
0.26303,0.26303,0.26303,0.26303,0.26303,0.26303,0.26303,0.26303,0.26303,0.26303,0.26303,0.26303,0.26303,0.26303,0.26303,0.26303,0.26303,0.26304,0.26309,0.26315,0.26323,0.26332,0.26337,0.26265,0.2628,0.26355,0.26339,0.26577,0.27165,0.27353,0.65283,0.65283,0.65283,0.65283,0.65283,0.65283,0.65283,0.65283,0.65283,0.65283,0.65283,0.65283,0.65283,0.65283,0.65283,0.65283,0.65283,0.65261,0.65184,0.6508,0.64977,0.64907,0.64882,0.64955,0.64849,0.64771,0.64632,0.63605,0.61546,0.59834,0.16657,0.16657,0.16657,0.16657,0.16657,0.16657,0.16657,0.16657,0.16657,0.16657,0.16657,0.16657,0.16657,0.16657,0.16657,0.16657,0.16657,0.16668,0.16708,0.16762,0.16818,0.1686,0.16898,0.16862,0.16867,0.16798,0.16889,0.17554,0.19073,0.20371,0,1,0
0.29017,0.29017,0.29017,0.29017,0.29017,0.29017,0.29017,0.29017,0.29017,0.29017,0.29017,0.29017,0.29017,0.29017,0.29017,0.29017,0.29017,0.29017,0.29017,0.29017,0.29017,0.29017,0.29017,0.28991,0.28901,0.28838,0.28931,0.28891,0.29004,0.28848,0.58845,0.58845,0.58845,0.58845,0.58845,0.58845,0.58845,0.58845,0.58845,0.58845,0.58845,0.58845,0.58845,0.58845,0.58845,0.58845,0.58845,0.58845,0.58839,0.58826,0.58811,0.58798,0.58791,0.58705,0.58754,0.59015,0.59045,0.5905,0.58544,0.58534,0.22797,0.22797,0.22797,0.22797,0.22797,0.22797,0.22797,0.22797,0.22797,0.22797,0.22797,0.22797,0.22797,0.22797,0.22797,0.22797,0.22797,0.22797,0.22803,0.22814,0.22828,0.22839,0.22845,0.22832,0.22712,0.22513,0.22487,0.22441,0.22682,0.22597,0,1,0
0.3204,0.3204,0.3204,0.3204,0.3204,0.3204,0.3204,0.3204,0.3204,0.3204,0.3204,0.3204,0.3204,0.3204,0.3204,0.3204,0.3204,0.3204,0.3204,0.3204,0.3204,0.3204,0.3204,0.31991,0.3189,0.31905,0.3195,0.32023,0.3192,0.32042,0.40786,0.40786,0.40786,0.40786,0.40786,0.40786,0.40786,0.40786,0.40786,0.40786,0.40786,0.40786,0.40786,0.40786,0.40786,0.40786,0.40786,0.40786,0.40786,0.40786,0.40786,0.40786,0.40786,0.4081,0.4095,0.40881,0.40815,0.3991,0.41347,0.41294,0.37037,0.37037,0.37037,0.37037,0.37037,0.37037,0.37037,0.37037,0.37037,0.37037,0.37037,0.37037,0.37037,0.37037,0.37037,0.37037,0.37037,0.37037,0.37037,0.37037,0.37037,0.37037,0.37037,0.36999,0.36908,0.37015,0.37011,0.37725,0.36447,0.36195,1,0,0
0.29602,0.29602,0.29602,0.29602,0.29602,0.29602,0.29602,0.29602,0.29602,0.29602,0.29602,0.29602,0.29602,0.29602,0.29602,0.29602,0.29602,0.29582,0.29508,0.29403,0.29292,0.29198,0.29049,0.29085,0.29141,0.29098,0.291,0.29199,0.29237,0.28629,0.3044,0.3044,0.3044,0.3044,0.3044,0.3044,0.3044,0.3044,0.3044,0.3044,0.3044,0.3044,0.3044,0.3044,0.3044,0.3044,0.3044,0.30478,0.30613,0.30801,0.30987,0.31116,0.31103,0.31206,0.31347,0.3143,0.31436,0.31736,0.32425,0.3007,0.49706,0.49706,0.49706,0.49706,0.49706,0.49706,0.49706,0.49706,0.49706,0.49706,0.49706,0.49706,0.49706,0.49706,0.49706,0.49706,0.49706,0.49672,0.49548,0.49373,0.49189,0.49037,0.4897,0.48781,0.48724,0.48551,0.48548,0.48132,0.47225,0.50059,0,0,1
0.31507,0.31507,0.31507,0.31507,0.31507,0.31507,0.31507,0.31507,0.31507,0.31507,0.31507,0.31507,0.31507,0.31507,0.31507,0.31507,0.31507,0.31507,0.31507,0.31507,0.31507,0.31507,0.31558,0.31544,0.31542,0.31546,0.3145,0.31589,0.31677,0.31748,0.47376,0.47376,0.47376,0.47376,0.47376,0.47376,0.47376,0.47376,0.47376,0.47376,0.47376,0.47376,0.47376,0.47376,0.47376,0.47376,0.47376,0.47376,0.47376,0.47376,0.47376,0.47376,0.48019,0.4835,0.48326,0.4836,0.48223,0.473,0.48449,0.48995,0.30952,0.30952,0.30952,0.30952,0.30952,0.30952,0.30952,0.30952,0.30952,0.30952,0.30952,0.30952,0.30952,0.30952,0.30952,0.30952,0.30952,0.30952,0.30952,0.30952,0.30952,0.30952,0.30262,0.29941,0.30073,0.30005,0.30108,0.30846,0.29314,0.2873,1,0,0
0.23145,0.23145,0.23145,0.23145,0.23145,0.23145,0.23145,0.23145,0.23145,0.23145,0.23145,0.23145,0.23145,0.23145,0.23145,0.23145,0.23145,0.23152,0.23175,0.2321,0.2325,0.23288,0.23353,0.23349,0.23335,0.2331,0.23285,0.23583,0.25175,0.2547,0.71652,0.71652,0.71652,0.71652,0.71652,0.71652,0.71652,0.71652,0.71652,0.71652,0.71652,0.71652,0.71652,0.71652,0.71652,0.71652,0.71652,0.7163,0.71551,0.71443,0.71335,0.71255,0.71124,0.70991,0.70943,0.70946,0.7105,0.70168,0.65221,0.64378,0.13399,0.13399,0.13399,0.13399,0.13399,0.13399,0.13399,0.13399,0.13399,0.13399,0.13399,0.13399,0.13399,0.13399,0.13399,0.13399,0.13399,0.13406,0.1343,0.13462,0.13494,0.13514,0.13601,0.13658,0.13652,0.13637,0.13579,0.14002,0.17045,0.17594,0,1,0
0.30902,0.30902,0.30902,0.30902,0.30902,0.30902,0.30902,0.30902,0.30902,0.30902,0.30902,0.30902,0.30902,0.30902,0.30902,0.30902,0.30902,0.30902,0.30902,0.30902,0.30902,0.30902,0.30902,0.30815,0.30776,0.30826,0.30813,0.30825,0.31063,0.31106,0.52292,0.52292,0.52292,0.52292,0.52292,0.52292,0.52292,0.52292,0.52292,0.52292,0.52292,0.52292,0.52292,0.52292,0.52292,0.52292,0.52292,0.52292,0.52292,0.52292,0.52292,0.52292,0.52292,0.5218,0.52338,0.52283,0.52273,0.51531,0.50922,0.50192,0.27412,0.27412,0.27412,0.27412,0.27412,0.27412,0.27412,0.27412,0.27412,0.27412,0.27412,0.27412,0.27412,0.27412,0.27412,0.27412,0.27412,0.27412,0.27412,0.27412,0.27412,0.27412,0.27412,0.27355,0.27313,0.27341,0.27298,0.27683,0.28199,0.28691,1,0,0
0.26567,0.26567,0.26567,0.26567,0.26567,0.26567,0.26567,0.26567,0.26567,0.26567,0.26567,0.26567,0.26567,0.26567,0.26567,0.26567,0.26567,0.26569,0.26574,0.26579,0.26584,0.26587,0.26579,0.26616,0.2658,0.26615,0.2659,0.26543,0.26291,0.25966,0.63018,0.63018,0.63018,0.63018,0.63018,0.63018,0.63018,0.63018,0.63018,0.63018,0.63018,0.63018,0.63018,0.63018,0.63018,0.63018,0.63018,0.6293,0.62716,0.6245,0.62208,0.62061,0.62046,0.62057,0.62027,0.61864,0.61779,0.61739,0.62157,0.6309,0.18465,0.18465,0.18465,0.18465,0.18465,0.18465,0.18465,0.18465,0.18465,0.18465,0.18465,0.18465,0.18465,0.18465,0.18465,0.18465,0.18465,0.18513,0.18635,0.1879,0.18939,0.19037,0.19057,0.19055,0.19012,0.19106,0.19303,0.19297,0.19041,0.18556,0,1,0
0.30377,0.30377,0.30377,0.30377,0.30377,0.30377,0.30377,0.30377,0.30377,0.30377,0.30377,0.30377,0.30377,0.30377,0.30377,0.30377,0.30377,0.30376,0.30373,0.3037,0.30367,0.30365,0.30363,0.30357,0.30354,0.30358,0.30337,0.30263,0.30278,0.30332,0.34931,0.34931,0.34931,0.34931,0.34931,0.34931,0.34931,0.34931,0.34931,0.34931,0.34931,0.34931,0.34931,0.34931,0.34931,0.34931,0.34931,0.34892,0.34795,0.34675,0.34566,0.345,0.3452,0.34361,0.34233,0.34056,0.33901,0.33723,0.33379,0.33051,0.42924,0.42924,0.42924,0.42924,0.42924,0.42924,0.42924,0.42924,0.42924,0.42924,0.42924,0.42924,0.42924,0.42924,0.42924,0.42924,0.42924,0.42928,0.42938,0.4295,0.42962,0.42969,0.42944,0.43122,0.43301,0.43544,0.43643,0.43888,0.44107,0.44404,0,0,1
0.31053,0.31053,0.31053,0.31053,0.31053,0.31053,0.31053,0.31053,0.31053,0.31053,0.31053,0.31053,0.31053,0.31053,0.31053,0.31053,0.31053,0.31052,0.31044,0.31032,0.31018,0.31001,0.30926,0.30852,0.30777,0.30806,0.30735,0.30521,0.30068,0.29871,0.32843,0.32843,0.32843,0.32843,0.32843,0.32843,0.32843,0.32843,0.32843,0.32843,0.32843,0.32843,0.32843,0.32843,0.32843,0.32843,0.32843,0.3283,0.32783,0.32716,0.32646,0.32591,0.32495,0.32451,0.32185,0.31855,0.31631,0.31067,0.29168,0.27648,0.4442,0.4442,0.4442,0.4442,0.4442,0.4442,0.4442,0.4442,0.4442,0.4442,0.4442,0.4442,0.4442,0.4442,0.4442,0.4442,0.4442,0.44431,0.44472,0.44536,0.4461,0.44685,0.44831,0.44874,0.45274,0.45461,0.45797,0.46449,0.48631,0.50289,0,0,1
0.24922,0.24922,0.24922,0.24922,0.24922,0.24922,0.24922,0.24922,0.24922,0.24922,0.24922,0.24922,0.24922,0.24922,0.24922,0.24922,0.24922,0.24906,0.24864,0.24812,0.24767,0.24741,0.24758,0.24716,0.24682,0.24638,0.24598,0.24527,0.24282,0.24275,0.16312,0.16312,0.16312,0.16312,0.16312,0.16312,0.16312,0.16312,0.16312,0.16312,0.16312,0.16312,0.16312,0.16312,0.16312,0.16312,0.16312,0.16339,0.16409,0.16497,0.16581,0.16635,0.16648,0.16708,0.16745,0.16658,0.16637,0.16688,0.16652,0.16873,0.66204,0.66204,0.66204,0.66204,0.66204,0.66204,0.66204,0.66204,0.66204,0.66204,0.66204,0.66204,0.66204,0.66204,0.66204,0.66204,0.66204,0.66154,0.66028,0.65872,0.65726,0.65634,0.65445,0.65398,0.65401,0.65409,0.65374,0.65151,0.65256,0.65089,1,0,0
0.11562,0.11562,0.11562,0.11562,0.11562,0.11562,0.11562,0.11562,0.11562,0.11562,0.11562,0.11562,0.11562,0.11562,0.11562,0.11562,0.11562,0.11506,0.11353,0.11162,0.10989,0.10881,0.10851,0.10725,0.10736,0.10646,0.10487,0.10048,0.10209,0.099879,0.052238,0.052238,0.052238,0.052238,0.052238,0.052238,0.052238,0.052238,0.052238,0.052238,0.052238,0.052238,0.052238,0.052238,0.052238,0.052238,0.052238,0.052091,0.051689,0.051186,0.050729,0.050456,0.050874,0.050489,0.050634,0.049645,0.049743,0.048379,0.048687,0.048239,0.90436,0.90436,0.90436,0.90436,0.90436,0.90436,0.90436,0.90436,0.90436,0.90436,0.90436,0.90436,0.90436,0.90436,0.90436,0.90436,0.90436,0.90477,0.90593,0.90742,0.90882,0.90972,0.90965,0.90969,0.91085,0.91212,0.91499,0.91727,0.91452,0.91594,0,0,1
0.26325,0.26325,0.26325,0.26325,0.26325,0.26325,0.26325,0.26325,0.26325,0.26325,0.26325,0.26325,0.26325,0.26325,0.26325,0.26325,0.26325,0.26325,0.26325,0.26325,0.26325,0.26325,0.26397,0.26338,0.263,0.26307,0.26579,0.27529,0.27581,0.27566,0.65228,0.65228,0.65228,0.65228,0.65228,0.65228,0.65228,0.65228,0.65228,0.65228,0.65228,0.65228,0.65228,0.65228,0.65228,0.65228,0.65229,0.65234,0.65242,0.65251,0.65258,0.65261,0.65048,0.65001,0.65023,0.65071,0.64165,0.60867,0.60332,0.60175,0.16791,0.16791,0.16791,0.16791,0.16791,0.16791,0.16791,0.16791,0.16791,0.16791,0.16791,0.16791,0.16791,0.16791,0.16791,0.16791,0.16788,0.1676,0.16713,0.16661,0.16619,0.16601,0.16689,0.16765,0.16711,0.16668,0.17158,0.19604,0.19941,0.20097,0,0,1
0.30703,0.30703,0.30703,0.30703,0.30703,0.30703,0.30703,0.30703,0.30703,0.30703,0.30703,0.30703,0.30703,0.30703,0.30703,0.30703,0.30703,0.3071,0.30726,0.30747,0.30766,0.30778,0.30736,0.30718,0.30706,0.30727,0.30749,0.30803,0.30862,0.30893,0.41827,0.41827,0.41827,0.41827,0.41827,0.41827,0.41827,0.41827,0.41827,0.41827,0.41827,0.41827,0.41827,0.41827,0.41827,0.41827,0.41827,0.41804,0.41748,0.41676,0.41608,0.41562,0.41532,0.41549,0.41544,0.41782,0.41738,0.41333,0.40888,0.4053,0.3595,0.3595,0.3595,0.3595,0.3595,0.3595,0.3595,0.3595,0.3595,0.3595,0.3595,0.3595,0.3595,0.3595,0.3595,0.3595,0.3595,0.35937,0.35903,0.35861,0.35823,0.358,0.3583,0.35817,0.35803,0.35626,0.35655,0.35829,0.36173,0.36495,0,1,0
0.21116,0.21116,0.21116,0.21116,0.21116,0.21116,0.21116,0.21116,0.21116,0.21116,0.21116,0.21116,0.21116,0.21116,0.21116,0.21116,0.21116,0.21103,0.21074,0.21038,0.21007,0.20991,0.20992,0.20959,0.20877,0.20778,0.2065,0.21057,0.2109,0.20858,0.12189,0.12189,0.12189,0.12189,0.12189,0.12189,0.12189,0.12189,0.12189,0.12189,0.12189,0.12189,0.12189,0.12189,0.12189,0.12189,0.12189,0.12216,0.12286,0.12374,0.12455,0.12506,0.12507,0.12481,0.12496,0.12413,0.12369,0.13406,0.13765,0.1367,0.7394,0.7394,0.7394,0.7394,0.7394,0.7394,0.7394,0.7394,0.7394,0.7394,0.7394,0.7394,0.7394,0.7394,0.7394,0.7394,0.7394,0.73896,0.73785,0.73648,0.73522,0.73445,0.73439,0.73433,0.73462,0.73513,0.73657,0.72005,0.71367,0.71684,0,0,1
0.27837,0.27837,0.27837,0.27837,0.27837,0.27837,0.27837,0.27837,0.27837,0.27837,0.27837,0.27837,0.27837,0.27837,0.27837,0.27837,0.27837,0.27841,0.27854,0.27871,0.27887,0.27897,0.27908,0.27865,0.27854,0.27784,0.27776,0.27805,0.27864,0.27756,0.55882,0.55882,0.55882,0.55882,0.55882,0.55882,0.55882,0.55882,0.55882,0.55882,0.55882,0.55882,0.55882,0.55882,0.55882,0.55882,0.55882,0.55827,0.55671,0.55461,0.55248,0.55078,0.54984,0.54829,0.54652,0.54635,0.54292,0.53806,0.52871,0.52468,0.24445,0.24445,0.24445,0.24445,0.24445,0.24445,0.24445,0.24445,0.24445,0.24445,0.24445,0.24445,0.24445,0.24445,0.24445,0.24445,0.24445,0.2449,0.24619,0.24792,0.24967,0.25101,0.25159,0.25293,0.25442,0.25428,0.25793,0.2629,0.27112,0.27645,0,1,0
0.26258,0.26258,0.26258,0.26258,0.26258,0.26258,0.26258,0.26258,0.26258,0.26258,0.26258,0.26258,0.26258,0.26258,0.26258,0.26258,0.26258,0.26313,0.26445,0.26615,0.26786,0.26917,0.2709,0.27201,0.27212,0.27326,0.27341,0.27709,0.27891,0.28112,0.67408,0.67408,0.67408,0.67408,0.67408,0.67408,0.67408,0.67408,0.67408,0.67408,0.67408,0.67408,0.67408,0.67408,0.67408,0.67408,0.67407,0.67259,0.66903,0.66437,0.65954,0.65543,0.64856,0.64268,0.64169,0.63873,0.63711,0.62976,0.62698,0.62058,0.14706,0.14706,0.14706,0.14706,0.14706,0.14706,0.14706,0.14706,0.14706,0.14706,0.14706,0.14706,0.14706,0.14706,0.14706,0.14706,0.14706,0.14788,0.14988,0.15259,0.15548,0.15793,0.16267,0.1669,0.16765,0.16827,0.17007,0.17296,0.17404,0.17835,0,1,0
0.26653,0.26653,0.26653,0.26653,0.26653,0.26653,0.26653,0.26653,0.26653,0.26653,0.26653,0.26653,0.26653,0.26653,0.26653,0.26653,0.26653,0.26572,0.26373,0.26129,0.25909,0.25777,0.25764,0.25605,0.2558,0.25555,0.25697,0.25222,0.25018,0.2472,0.62124,0.62124,0.62124,0.62124,0.62124,0.62124,0.62124,0.62124,0.62124,0.62124,0.62124,0.62124,0.62124,0.62124,0.62124,0.62124,0.62124,0.6221,0.62426,0.62696,0.62946,0.631,0.63065,0.63056,0.63127,0.63098,0.6229,0.62651,0.62943,0.64166,0.21614,0.21614,0.21614,0.21614,0.21614,0.21614,0.21614,0.21614,0.21614,0.21614,0.21614,0.21614,0.21614,0.21614,0.21614,0.21614,0.21614,0.21528,0.21319,0.21064,0.20834,0.20697,0.20723,0.20736,0.20706,0.20683,0.21326,0.21341,0.21227,0.20186,0,1,0
0.078491,0.078491,0.078491,0.078491,0.078491,0.078491,0.078491,0.078491,0.078491,0.078491,0.078491,0.078491,0.078491,0.078491,0.078491,0.078491,0.078495,0.078537,0.07861,0.07869,0.078756,0.078784,0.078496,0.075276,0.07481,0.074125,0.073062,0.073446,0.072353,0.071147,0.96483,0.96483,0.96483,0.96483,0.96483,0.96483,0.96483,0.96483,0.96483,0.96483,0.96483,0.96483,0.96483,0.96483,0.96483,0.96483,0.96482,0.96464,0.96434,0.96401,0.96375,0.96363,0.96363,0.96664,0.96698,0.96765,0.96924,0.96925,0.96901,0.96966,0.031674,0.031674,0.031674,0.031674,0.031674,0.031674,0.031674,0.031674,0.031674,0.031674,0.031674,0.031674,0.031674,0.031674,0.031674,0.031674,0.031647,0.031334,0.030817,0.030266,0.029831,0.029647,0.029527,0.028696,0.028297,0.028152,0.027943,0.025594,0.026195,0.026103,0,1,0
0.26588,0.26588,0.26588,0.26588,0.26588,0.26588,0.26588,0.26588,0.26588,0.26588,0.26588,0.26588,0.26586,0.26571,0.26549,0.26526,0.26509,0.26503,0.26503,0.26503,0.26488,0.26503,0.26484,0.26547,0.26546,0.26516,0.26514,0.26412,0.2629,0.26081,0.21703,0.21703,0.21703,0.21703,0.21703,0.21703,0.21703,0.21703,0.21703,0.21703,0.21703,0.21703,0.21686,0.21589,0.21445,0.21298,0.21187,0.21152,0.21191,0.21191,0.21191,0.21191,0.21179,0.21089,0.21111,0.21114,0.21128,0.21239,0.21285,0.2071,0.6343,0.6343,0.6343,0.6343,0.6343,0.6343,0.6343,0.6343,0.6343,0.6343,0.6343,0.6343,0.63424,0.63393,0.63346,0.63298,0.63261,0.63268,0.63191,0.63371,0.63484,0.6325,0.63234,0.6309,0.63118,0.63099,0.63125,0.63054,0.63108,0.63596,0,1,0
0.29395,0.29395,0.29395,0.29395,0.29395,0.29395,0.29395,0.29395,0.29395,0.29395,0.29395,0.29395,0.29391,0.29383,0.29373,0.29365,0.29361,0.29447,0.29488,0.29488,0.29446,0.29594,0.29568,0.29468,0.29406,0.28344,0.28024,0.27714,0.27301,0.27116,0.60133,0.60133,0.60133,0.60133,0.60133,0.60133,0.60133,0.60133,0.60133,0.60133,0.60133,0.60131,0.60052,0.59886,0.5968,0.59478,0.59321,0.58899,0.58905,0.58887,0.5911,0.58802,0.58813,0.59053,0.59218,0.61885,0.63548,0.64107,0.65397,0.66002,0.19835,0.19835,0.19835,0.19835,0.19835,0.19835,0.19835,0.19835,0.19835,0.19835,0.19835,0.19835,0.19842,0.19853,0.19863,0.19865,0.19851,0.20161,0.20151,0.20146,0.20068,0.20234,0.20285,0.20062,0.19965,0.18057,0.16785,0.16614,0.15835,0.15466,1,0,0
0.29519,0.29519,0.29519,0.29519,0.29519,0.29519,0.29519,0.29519,0.29519,0.29519,0.29519,0.29519,0.29519,0.29519,0.29519,0.29519,0.29519,0.29609,0.29503,0.29503,0.29503,0.29359,0.29255,0.29342,0.2933,0.2919,0.29288,0.29227,0.29102,0.29289,0.59727,0.59727,0.59727,0.59727,0.59727,0.59727,0.59727,0.59727,0.59727,0.59727,0.59727,0.59727,0.59727,0.59727,0.59727,0.59727,0.59727,0.59743,0.59591,0.59591,0.59591,0.59547,0.59285,0.58821,0.58807,0.58557,0.58496,0.58643,0.58724,0.59022,0.22921,0.22921,0.22921,0.22921,0.22921,0.22921,0.22921,0.22921,0.22921,0.22921,0.22921,0.22921,0.22921,0.22921,0.22921,0.22921,0.22921,0.23042,0.22921,0.22921,0.22921,0.22764,0.23736,0.2375,0.23264,0.23241,0.22745,0.22741,0.22843,0.21955,0,0,1
0.32629,0.32629,0.32629,0.32629,0.32629,0.32629,0.32629,0.32629,0.32629,0.32629,0.32629,0.32629,0.32629,0.32629,0.32629,0.32629,0.32629,0.32631,0.3262,0.32616,0.32616,0.32513,0.32508,0.32489,0.324,0.32362,0.32367,0.32304,0.32268,0.32205,0.33391,0.33391,0.33391,0.33391,0.33391,0.33391,0.33391,0.33391,0.33391,0.33391,0.33391,0.33391,0.33391,0.33391,0.33391,0.33391,0.33391,0.33423,0.33413,0.33347,0.33262,0.33372,0.3339,0.33571,0.33609,0.33594,0.33682,0.33903,0.33917,0.34046,0.44675,0.44675,0.44675,0.44675,0.44675,0.44675,0.44675,0.44675,0.44675,0.44675,0.44675,0.44675,0.44675,0.44675,0.44675,0.44675,0.44675,0.44627,0.44635,0.44635,0.44711,0.44716,0.44696,0.44421,0.44432,0.44475,0.44359,0.44256,0.44242,0.44099,1,0,0
0.30928,0.30928,0.30928,0.30928,0.30928,0.30928,0.30928,0.30928,0.30928,0.30928,0.30928,0.30928,0.30928,0.30928,0.30928,0.30928,0.30928,0.30928,0.30928,0.30928,0.30928,0.30928,0.30822,0.30822,0.30822,0.30848,0.30822,0.30819,0.31017,0.32184,0.51694,0.51694,0.51694,0.51694,0.51694,0.51694,0.51694,0.51694,0.51694,0.51694,0.51694,0.51694,0.51694,0.51694,0.51694,0.51694,0.51694,0.51694,0.51694,0.51694,0.51694,0.51694,0.51637,0.51665,0.51665,0.51665,0.51665,0.51696,0.50193,0.40531,0.27761,0.27761,0.27761,0.27761,0.27761,0.27761,0.27761,0.27761,0.27761,0.27761,0.27761,0.27761,0.27761,0.27761,0.27761,0.27761,0.27761,0.27761,0.27761,0.27761,0.27761,0.27761,0.27908,0.27868,0.27868,0.27868,0.27911,0.27874,0.29113,0.37871,1,0,0
0.29502,0.29502,0.29502,0.29502,0.29502,0.29502,0.29502,0.29502,0.29502,0.29502,0.29502,0.29502,0.29502,0.29502,0.29502,0.29502,0.29502,0.29452,0.29418,0.29418,0.29418,0.29402,0.2928,0.29253,0.29195,0.29171,0.29178,0.29089,0.28993,0.28995,0.22769,0.22769,0.22769,0.22769,0.22769,0.22769,0.22769,0.22769,0.22769,0.22769,0.22769,0.22769,0.22769,0.22769,0.22769,0.22769,0.22769,0.22623,0.22603,0.22576,0.22476,0.22476,0.22372,0.22318,0.22204,0.22227,0.22166,0.21895,0.21764,0.21752,0.58231,0.58231,0.58231,0.58231,0.58231,0.58231,0.58231,0.58231,0.58231,0.58231,0.58231,0.58231,0.58231,0.58231,0.58231,0.58231,0.58231,0.58489,0.58638,0.58649,0.58691,0.58742,0.58901,0.58863,0.58892,0.58867,0.58887,0.59401,0.59674,0.59592,0,0,1
0.24082,0.24082,0.24082,0.24082,0.24082,0.24082,0.24082,0.24082,0.24082,0.24082,0.24082,0.24076,0.24057,0.2403,0.23998,0.23967,0.23861,0.22969,0.22802,0.22795,0.22663,0.21951,0.22159,0.22289,0.22348,0.224,0.22334,0.22377,0.22398,0.24887,0.67086,0.67086,0.67086,0.67086,0.67086,0.67086,0.67086,0.67086,0.67086,0.67086,0.67086,0.671,0.67156,0.67259,0.67414,0.67624,0.68557,0.70456,0.70676,0.7068,0.70814,0.71985,0.71544,0.71447,0.71483,0.7143,0.71376,0.71423,0.71605,0.65749,0.15937,0.15937,0.15937,0.15937,0.15937,0.15937,0.15937,0.15937,0.15937,0.15937,0.15937,0.15926,0.1589,0.15837,0.15775,0.15712,0.15316,0.14483,0.14356,0.14382,0.14346,0.13791,0.14257,0.14294,0.14172,0.14156,0.14096,0.14055,0.13741,0.16677,0,1,0
0.31795,0.31795,0.31795,0.31795,0.31795,0.31795,0.31795,0.31795,0.31795,0.31795,0.31795,0.31795,0.31795,0.31795,0.31795,0.31795,0.32216,0.31683,0.31649,0.31611,0.31671,0.31669,0.31665,0.31633,0.31548,0.3153,0.31449,0.31442,0.3157,0.31165,0.3939,0.3939,0.3939,0.3939,0.3939,0.3939,0.3939,0.3939,0.3939,0.3939,0.3939,0.3939,0.3939,0.3939,0.3939,0.3939,0.39924,0.39293,0.39215,0.39167,0.3913,0.39187,0.39181,0.39275,0.39179,0.39244,0.39193,0.39153,0.38989,0.36874,0.39622,0.39622,0.39622,0.39622,0.39622,0.39622,0.39622,0.39622,0.39622,0.39622,0.39622,0.39622,0.39622,0.39622,0.39622,0.39622,0.40161,0.39529,0.39445,0.39382,0.39515,0.39399,0.39395,0.3949,0.39519,0.39488,0.39425,0.39611,0.39292,0.4174,0,0,1
0.33052,0.33052,0.33052,0.33052,0.33052,0.33052,0.33052,0.33052,0.33052,0.33052,0.33052,0.33041,0.33006,0.32959,0.32915,0.32886,0.32938,0.32964,0.32956,0.32958,0.32917,0.32977,0.32972,0.32972,0.3296,0.32979,0.32945,0.32937,0.33032,0.3296,0.3433,0.3433,0.3433,0.3433,0.3433,0.3433,0.3433,0.3433,0.3433,0.3433,0.3433,0.34307,0.34233,0.34136,0.34043,0.33982,0.3413,0.34103,0.34084,0.34054,0.33994,0.33672,0.33555,0.33602,0.33579,0.33575,0.33626,0.33749,0.34279,0.37299,0.41804,0.41804,0.41804,0.41804,0.41804,0.41804,0.41804,0.41804,0.41804,0.41804,0.41804,0.41812,0.41838,0.41871,0.41903,0.41925,0.41708,0.41685,0.41685,0.41685,0.41774,0.42064,0.42161,0.42132,0.42056,0.42037,0.42048,0.41863,0.41233,0.38268,1,0,0
0.30973,0.30973,0.30973,0.30973,0.30973,0.30973,0.30973,0.30973,0.30973,0.30973,0.30973,0.30974,0.30975,0.30973,0.30966,0.3095,0.30949,0.30975,0.30938,0.30936,0.31061,0.31096,0.31106,0.30952,0.30941,0.30898,0.30907,0.3097,0.30952,0.30797,0.55224,0.55224,0.55224,0.55224,0.55224,0.55224,0.55224,0.55224,0.55224,0.55224,0.55224,0.55205,0.55145,0.55063,0.54976,0.54906,0.54774,0.54776,0.54779,0.54774,0.54759,0.54457,0.54579,0.54766,0.5489,0.55175,0.55164,0.55329,0.55562,0.56601,0.22903,0.22903,0.22903,0.22903,0.22903,0.22903,0.22903,0.22903,0.22903,0.22903,0.22903,0.22909,0.22928,0.22953,0.22977,0.22993,0.23027,0.23014,0.23006,0.23006,0.23013,0.23287,0.23187,0.22974,0.22872,0.22638,0.22533,0.22317,0.22027,0.21162,0,1,0
0.30532,0.30532,0.30532,0.30532,0.30532,0.30532,0.30532,0.30532,0.30532,0.30532,0.30532,0.30532,0.30532,0.30532,0.30532,0.30532,0.30585,0.30552,0.30611,0.30577,0.30481,0.30524,0.30517,0.30506,0.30386,0.30244,0.30196,0.30157,0.29832,0.29321,0.27604,0.27604,0.27604,0.27604,0.27604,0.27604,0.27604,0.27604,0.27604,0.27604,0.27604,0.27604,0.27604,0.27604,0.27604,0.27604,0.27517,0.27425,0.27417,0.27296,0.27049,0.26435,0.26338,0.26263,0.26182,0.26092,0.26013,0.25799,0.24791,0.23151,0.51835,0.51835,0.51835,0.51835,0.51835,0.51835,0.51835,0.51835,0.51835,0.51835,0.51835,0.51835,0.51835,0.51835,0.51835,0.51835,0.5191,0.52094,0.52083,0.52161,0.52489,0.53057,0.53162,0.53196,0.53253,0.53524,0.53453,0.53711,0.54988,0.571,0,1,0
0.28913,0.28913,0.28913,0.28913,0.28913,0.28913,0.28913,0.28913,0.28913,0.28913,0.28912,0.28908,0.28899,0.28889,0.28881,0.28876,0.28876,0.28876,0.28876,0.28876,0.29014,0.29059,0.2907,0.2908,0.29074,0.28818,0.28846,0.28675,0.2837,0.27979,0.24152,0.24152,0.24152,0.24152,0.24152,0.24152,0.24152,0.24152,0.24152,0.24152,0.24152,0.24149,0.24143,0.24136,0.2413,0.24127,0.2414,0.24114,0.24114,0.24202,0.24674,0.2515,0.25187,0.25114,0.2514,0.25096,0.24669,0.24135,0.23255,0.228,0.55448,0.55448,0.55448,0.55448,0.55448,0.55448,0.55448,0.55448,0.55448,0.55448,0.55449,0.55466,0.55497,0.55534,0.55566,0.55582,0.55383,0.55275,0.55275,0.55183,0.54502,0.54016,0.54039,0.54029,0.54051,0.54151,0.54499,0.55069,0.56201,0.56862,0,0,1
0.30512,0.30512,0.30512,0.30512,0.30512,0.30512,0.30512,0.30512,0.30512,0.30512,0.30512,0.30505,0.30482,0.30454,0.3043,0.30419,0.30471,0.30499,0.30437,0.30434,0.30475,0.30548,0.30801,0.30721,0.30674,0.30671,0.30561,0.30544,0.30563,0.30262,0.56305,0.56305,0.56305,0.56305,0.56305,0.56305,0.56305,0.56305,0.56305,0.56305,0.56305,0.56286,0.56225,0.56141,0.56056,0.55988,0.55735,0.55714,0.55933,0.5594,0.55977,0.55511,0.54617,0.54931,0.55009,0.55014,0.55201,0.5523,0.55177,0.56055,0.22316,0.22316,0.22316,0.22316,0.22316,0.22316,0.22316,0.22316,0.22316,0.22316,0.22316,0.22317,0.2232,0.22323,0.22327,0.22329,0.22509,0.22426,0.22339,0.22345,0.2231,0.2263,0.2321,0.23058,0.22992,0.22931,0.22822,0.22825,0.22837,0.223,0,1,0
0.28203,0.28203,0.28203,0.28203,0.28203,0.28203,0.28203,0.28203,0.28203,0.28203,0.28203,0.28189,0.28156,0.28117,0.28082,0.28062,0.28096,0.28039,0.28039,0.28118,0.28083,0.28017,0.28024,0.28039,0.27968,0.2795,0.27889,0.27726,0.2752,0.27422,0.61759,0.61759,0.61759,0.61759,0.61759,0.61759,0.61759,0.61759,0.61759,0.61759,0.6176,0.61814,0.61938,0.62089,0.62225,0.62304,0.62153,0.62332,0.62332,0.62318,0.62439,0.62491,0.62511,0.62501,0.6257,0.62689,0.62709,0.63332,0.63864,0.63903,0.18491,0.18491,0.18491,0.18491,0.18491,0.18491,0.18491,0.18491,0.18491,0.18491,0.18491,0.18435,0.1831,0.18161,0.18029,0.17954,0.18051,0.17948,0.17931,0.17944,0.17863,0.17823,0.17779,0.17759,0.17743,0.17595,0.17468,0.17048,0.16744,0.16756,0,1,0
0.28276,0.28276,0.28276,0.28276,0.28276,0.28276,0.28276,0.28276,0.28276,0.28276,0.28264,0.282,0.281,0.27986,0.2788,0.27753,0.27673,0.27687,0.27687,0.27661,0.27639,0.2757,0.27565,0.2757,0.27525,0.27471,0.2745,0.27189,0.26953,0.26722,0.56433,0.56433,0.56433,0.56433,0.56433,0.56433,0.56433,0.56433,0.56433,0.56433,0.56452,0.56549,0.56694,0.56848,0.56968,0.57044,0.57068,0.57087,0.57124,0.57124,0.57105,0.57317,0.57257,0.57236,0.56996,0.56999,0.57031,0.57522,0.57793,0.58062,0.2452,0.2452,0.2452,0.2452,0.2452,0.2452,0.2452,0.2452,0.2452,0.2452,0.24508,0.24443,0.24345,0.24242,0.24158,0.24125,0.24123,0.24101,0.24068,0.24073,0.24051,0.23872,0.23859,0.23882,0.24028,0.24153,0.24118,0.23826,0.23738,0.23708,1,0,0
0.31399,0.31399,0.31399,0.31399,0.31399,0.31399,0.31399,0.31399,0.31399,0.31399,0.31399,0.31399,0.31399,0.31399,0.31399,0.31399,0.31399,0.31399,0.31399,0.31399,0.31399,0.31399,0.31385,0.31381,0.31364,0.31638,0.31643,0.31392,0.31208,0.30986,0.51754,0.51754,0.51754,0.51754,0.51754,0.51754,0.51754,0.51754,0.51754,0.51754,0.51754,0.51754,0.51754,0.51754,0.51754,0.51754,0.51754,0.51754,0.51754,0.51754,0.51754,0.51754,0.51724,0.51752,0.51685,0.51517,0.51403,0.50619,0.51895,0.52657,0.27439,0.27439,0.27439,0.27439,0.27439,0.27439,0.27439,0.27439,0.27439,0.27439,0.27439,0.27439,0.27439,0.27439,0.27439,0.27439,0.27439,0.27439,0.27439,0.27439,0.27439,0.27439,0.27439,0.27359,0.27339,0.27312,0.27206,0.28113,0.27072,0.26193,0,1,0
0.32491,0.32491,0.32491,0.32491,0.32491,0.32491,0.32491,0.32491,0.32491,0.32491,0.3249,0.32486,0.32481,0.32476,0.32472,0.3246,0.32455,0.3246,0.32454,0.32453,0.32313,0.32291,0.32287,0.32271,0.323,0.32266,0.32268,0.31827,0.31713,0.31515,0.36501,0.36501,0.36501,0.36501,0.36501,0.36501,0.36501,0.36501,0.36501,0.36501,0.365,0.36499,0.36495,0.36489,0.36478,0.36461,0.3648,0.3648,0.3648,0.36424,0.36251,0.36268,0.36261,0.36228,0.36211,0.36156,0.36074,0.34519,0.33731,0.32946,0.41026,0.41026,0.41026,0.41026,0.41026,0.41026,0.41026,0.41026,0.41026,0.41026,0.41027,0.41031,0.41038,0.41048,0.41059,0.41086,0.41068,0.41068,0.41068,0.4112,0.41006,0.40969,0.40978,0.40922,0.41034,0.41008,0.41032,0.42968,0.43763,0.44787,0,1,0
0.28639,0.28639,0.28639,0.28639,0.28639,0.28639,0.28639,0.28639,0.28639,0.28639,0.28597,0.28478,0.28323,0.28176,0.28078,0.27967,0.27967,0.27929,0.27905,0.27837,0.27821,0.27814,0.27828,0.27836,0.27824,0.27742,0.27714,0.27425,0.27064,0.26868,0.27903,0.27903,0.27903,0.27903,0.27903,0.27903,0.27903,0.27903,0.27903,0.27903,0.27831,0.27618,0.27331,0.27038,0.26798,0.26681,0.26668,0.26655,0.26671,0.26671,0.26559,0.26576,0.26552,0.26534,0.26497,0.26553,0.26602,0.26285,0.25867,0.2593,0.5255,0.5255,0.5255,0.5255,0.5255,0.5255,0.5255,0.5255,0.5255,0.5255,0.52656,0.52965,0.53372,0.53767,0.54033,0.54082,0.54076,0.54038,0.54037,0.54124,0.54244,0.54223,0.54232,0.54188,0.54239,0.54235,0.54182,0.54746,0.55396,0.55463,0,1,0
0.30405,0.30405,0.30405,0.30405,0.30405,0.30405,0.30405,0.30405,0.30405,0.30405,0.30405,0.30405,0.30405,0.30405,0.30405,0.30285,0.30252,0.30232,0.30226,0.3023,0.30046,0.29969,0.29969,0.2963,0.29561,0.29483,0.29414,0.29212,0.28646,0.28314,0.51764,0.51764,0.51764,0.51764,0.51764,0.51764,0.51764,0.51764,0.51764,0.51764,0.51764,0.51764,0.51764,0.51764,0.51764,0.51813,0.51908,0.52098,0.52066,0.51999,0.52307,0.52403,0.52384,0.53477,0.53784,0.53994,0.54023,0.54582,0.55798,0.57689,0.27693,0.27693,0.27693,0.27693,0.27693,0.27693,0.27693,0.27693,0.27693,0.27693,0.27693,0.27693,0.27693,0.27693,0.27693,0.27787,0.27733,0.27615,0.27589,0.27673,0.27442,0.2739,0.27343,0.26613,0.26433,0.26252,0.26205,0.25884,0.25178,0.2353,0,1,0
0.293,0.29299,0.29299,0.29299,0.29298,0.29298,0.29297,0.29297,0.29296,0.29296,0.29294,0.29289,0.29282,0.29274,0.29268,0.29261,0.29262,0.29301,0.29324,0.29323,0.29239,0.28867,0.28313,0.28309,0.28293,0.2814,0.28143,0.28125,0.28065,0.28358,0.58427,0.58428,0.58429,0.58429,0.5843,0.5843,0.5843,0.58431,0.58431,0.58431,0.58433,0.58438,0.58445,0.58453,0.58459,0.58453,0.58438,0.58423,0.5841,0.58441,0.58494,0.59801,0.61618,0.61697,0.61834,0.62044,0.62293,0.62719,0.62779,0.61195,0.20577,0.20576,0.20576,0.20575,0.20574,0.20573,0.20573,0.20572,0.20572,0.20571,0.20564,0.20525,0.20467,0.20409,0.20365,0.20361,0.2042,0.20386,0.20379,0.20376,0.20346,0.19286,0.18089,0.18026,0.17886,0.17717,0.17427,0.1693,0.16939,0.18215,0,1,0
0.24595,0.24595,0.24595,0.24595,0.24595,0.24595,0.24595,0.24595,0.24595,0.24595,0.24608,0.24643,0.24687,0.24728,0.24753,0.24622,0.24622,0.24622,0.24639,0.24627,0.24629,0.24622,0.24624,0.24647,0.24657,0.24603,0.24719,0.24789,0.24727,0.24768,0.68205,0.68205,0.68205,0.68205,0.68205,0.68205,0.68205,0.68205,0.68205,0.68205,0.68175,0.68098,0.68001,0.67912,0.67857,0.67875,0.67851,0.67851,0.67918,0.6789,0.67905,0.67864,0.67864,0.67835,0.67797,0.67769,0.67709,0.67438,0.67378,0.67282,0.16332,0.16332,0.16332,0.16332,0.16332,0.16332,0.16332,0.16332,0.16332,0.16332,0.16303,0.1623,0.1614,0.16058,0.16011,0.16097,0.16105,0.16091,0.16053,0.1609,0.1607,0.16113,0.16111,0.16113,0.16132,0.16135,0.1617,0.1629,0.16315,0.1633,0,1,0
0.30971,0.30971,0.30971,0.30971,0.30971,0.30971,0.30971,0.30971,0.30971,0.30971,0.30945,0.30875,0.30778,0.30672,0.30575,0.30512,0.30512,0.30512,0.30515,0.30587,0.30614,0.30603,0.30607,0.30625,0.30628,0.30602,0.30564,0.30599,0.30575,0.30602,0.31253,0.31253,0.31253,0.31253,0.31253,0.31253,0.31253,0.31253,0.31253,0.31253,0.31277,0.31334,0.31397,0.31438,0.31429,0.31694,0.31727,0.31665,0.31663,0.31775,0.31807,0.31817,0.31814,0.31798,0.31784,0.31796,0.31786,0.31735,0.31514,0.31708,0.48289,0.48289,0.48289,0.48289,0.48289,0.48289,0.48289,0.48289,0.48289,0.48289,0.48155,0.47815,0.47393,0.4701,0.46776,0.46494,0.4645,0.46476,0.465,0.46322,0.46275,0.46252,0.46256,0.46196,0.46196,0.46202,0.4627,0.46354,0.46367,0.46202,0,0,1
0.31375,0.31375,0.31375,0.31375,0.31375,0.31375,0.31375,0.31375,0.31375,0.31375,0.31339,0.31221,0.31061,0.30898,0.30773,0.30661,0.30661,0.30661,0.30703,0.30686,0.30716,0.30704,0.30672,0.30646,0.3064,0.30662,0.30643,0.30514,0.30533,0.30496,0.34932,0.34932,0.34932,0.34932,0.34932,0.34932,0.34932,0.34932,0.34932,0.34932,0.34873,0.34683,0.34432,0.34192,0.34033,0.34171,0.34154,0.34154,0.34154,0.34113,0.33994,0.33964,0.34006,0.33881,0.3389,0.3382,0.33843,0.3417,0.34179,0.342,0.45517,0.45517,0.45517,0.45517,0.45517,0.45517,0.45517,0.45517,0.45517,0.45517,0.45475,0.45338,0.45156,0.44982,0.44865,0.44783,0.44782,0.448,0.44783,0.44789,0.44851,0.44793,0.44813,0.44865,0.44831,0.44766,0.44759,0.4463,0.44572,0.44546,1,0,0
0.31586,0.31586,0.31586,0.31586,0.31586,0.31586,0.31586,0.31586,0.31586,0.31586,0.31589,0.31601,0.31614,0.3162,0.31609,0.31556,0.31514,0.31514,0.31514,0.31514,0.31486,0.31479,0.31429,0.31446,0.31425,0.31424,0.31361,0.31348,0.31391,0.31342,0.46223,0.46223,0.46223,0.46223,0.46223,0.46223,0.46223,0.46223,0.46223,0.46223,0.46193,0.46058,0.4586,0.45649,0.45474,0.45331,0.45302,0.45302,0.45302,0.45276,0.45617,0.45632,0.45968,0.46004,0.46027,0.46059,0.46083,0.46012,0.46009,0.46025,0.31993,0.31993,0.31993,0.31993,0.31993,0.31993,0.31993,0.31993,0.31993,0.31993,0.3201,0.32084,0.32187,0.32284,0.3234,0.32312,0.32321,0.32321,0.32321,0.32312,0.32045,0.32034,0.31619,0.31594,0.31493,0.31453,0.31486,0.31584,0.31532,0.31541,0,0,1
0.18395,0.18395,0.18395,0.18395,0.18395,0.18395,0.18395,0.18395,0.18395,0.18395,0.18389,0.1837,0.18345,0.1832,0.18304,0.18324,0.1832,0.18375,0.18316,0.18294,0.18329,0.18592,0.18724,0.18719,0.1879,0.18744,0.18744,0.18782,0.18754,0.18678,0.80321,0.80321,0.80321,0.80321,0.80321,0.80321,0.80321,0.80321,0.80321,0.80321,0.80323,0.80331,0.8034,0.8035,0.80356,0.80322,0.80321,0.80375,0.80428,0.80467,0.8022,0.79717,0.79173,0.79198,0.78991,0.79033,0.78935,0.78749,0.78589,0.78809,0.093194,0.093194,0.093194,0.093194,0.093194,0.093194,0.093194,0.093194,0.093194,0.093194,0.09305,0.09258,0.09196,0.091368,0.090973,0.090955,0.091015,0.091015,0.091241,0.0912,0.091805,0.096176,0.097775,0.097839,0.098952,0.098265,0.099011,0.10131,0.10149,0.099444,1,0,0
0.28296,0.28296,0.28296,0.28296,0.28296,0.28296,0.28296,0.28296,0.28296,0.28296,0.283,0.28312,0.28329,0.28345,0.28355,0.28378,0.28377,0.28394,0.28372,0.28394,0.28472,0.28592,0.28653,0.28646,0.28789,0.28748,0.28777,0.28845,0.28763,0.28738,0.5635,0.5635,0.5635,0.5635,0.5635,0.5635,0.5635,0.5635,0.5635,0.5635,0.56353,0.56363,0.56376,0.56389,0.56398,0.56351,0.56359,0.56387,0.56319,0.56357,0.55909,0.54937,0.54769,0.54833,0.54399,0.54342,0.54435,0.54081,0.5422,0.55125,0.2348,0.2348,0.2348,0.2348,0.2348,0.2348,0.2348,0.2348,0.2348,0.2348,0.23471,0.23442,0.23403,0.23367,0.23344,0.2335,0.23347,0.23315,0.23322,0.23303,0.23672,0.2444,0.24593,0.2454,0.24801,0.24736,0.24757,0.24856,0.2473,0.23914,1,0,0
0.31942,0.31942,0.31942,0.31942,0.31942,0.31942,0.31942,0.31942,0.31942,0.31942,0.31942,0.31942,0.31942,0.31942,0.31942,0.31942,0.31942,0.31942,0.31942,0.31942,0.31942,0.31942,0.31955,0.3196,0.31944,0.31981,0.31976,0.31457,0.30965,0.30566,0.48747,0.48747,0.48747,0.48747,0.48747,0.48747,0.48747,0.48747,0.48747,0.48747,0.48747,0.48747,0.48747,0.48747,0.48747,0.48747,0.48747,0.48747,0.48747,0.48747,0.48747,0.48747,0.48683,0.48662,0.48683,0.48514,0.48603,0.51376,0.53814,0.56079,0.29194,0.29194,0.29194,0.29194,0.29194,0.29194,0.29194,0.29194,0.29194,0.29194,0.29194,0.29194,0.29194,0.29194,0.29194,0.29194,0.29194,0.29194,0.29194,0.29194,0.29194,0.29194,0.29183,0.29179,0.29163,0.29232,0.29205,0.27113,0.25351,0.23541,0,1,0
0.30476,0.30476,0.30476,0.30476,0.30476,0.30476,0.30476,0.30476,0.30476,0.30476,0.30473,0.30452,0.30421,0.30388,0.30363,0.30352,0.3039,0.30395,0.30352,0.30342,0.3038,0.30406,0.30503,0.30519,0.3051,0.30498,0.30469,0.30593,0.30799,0.30814,0.23616,0.23616,0.23616,0.23616,0.23616,0.23616,0.23616,0.23616,0.23616,0.23616,0.23611,0.23583,0.23539,0.23493,0.23457,0.23457,0.23492,0.23459,0.23459,0.23401,0.23551,0.23531,0.23383,0.234,0.23367,0.23324,0.23295,0.23554,0.23497,0.2352,0.55041,0.55041,0.55041,0.55041,0.55041,0.55041,0.55041,0.55041,0.55041,0.55041,0.55038,0.55024,0.55001,0.54978,0.54959,0.5495,0.54921,0.5494,0.54944,0.54937,0.54811,0.54817,0.5485,0.5482,0.54904,0.54852,0.54854,0.54371,0.54276,0.54172,0,0,1
0.13212,0.13212,0.13212,0.13212,0.13212,0.13212,0.13212,0.13212,0.13212,0.13212,0.13206,0.13165,0.13102,0.13037,0.12986,0.12971,0.12955,0.12955,0.12955,0.1294,0.12736,0.12589,0.12504,0.1243,0.12335,0.12328,0.12281,0.12055,0.11973,0.11815,0.89731,0.89731,0.89731,0.89731,0.89731,0.89731,0.89731,0.89731,0.89731,0.89731,0.89729,0.89714,0.89691,0.89667,0.89648,0.89638,0.89597,0.89597,0.89597,0.89597,0.89812,0.90153,0.9025,0.90335,0.90383,0.90361,0.90361,0.90634,0.90763,0.90924,0.057164,0.057164,0.057164,0.057164,0.057164,0.057164,0.057164,0.057164,0.057164,0.057164,0.057126,0.056879,0.056501,0.056107,0.055807,0.055764,0.056491,0.05658,0.05658,0.056592,0.055988,0.054023,0.052925,0.052351,0.05237,0.052052,0.052272,0.052401,0.052798,0.052238,0,1,0
0.28201,0.28201,0.28201,0.28201,0.28201,0.28201,0.28201,0.28201,0.28201,0.282,0.28187,0.2816,0.28125,0.28089,0.28059,0.28039,0.2804,0.28061,0.28029,0.28049,0.27778,0.27732,0.27717,0.27693,0.27664,0.27676,0.27656,0.27561,0.27483,0.27314,0.26207,0.26207,0.26207,0.26207,0.26207,0.26207,0.26207,0.26207,0.26207,0.26208,0.26215,0.26229,0.26245,0.26259,0.26266,0.26368,0.26444,0.26456,0.26473,0.26444,0.26352,0.26261,0.26253,0.26005,0.26082,0.25959,0.25919,0.25776,0.25613,0.25141,0.54936,0.54936,0.54936,0.54936,0.54936,0.54936,0.54936,0.54936,0.54936,0.54935,0.54901,0.54832,0.54749,0.54671,0.54617,0.54462,0.54348,0.54347,0.54331,0.54397,0.54593,0.54722,0.54729,0.54979,0.54937,0.55084,0.55145,0.55377,0.55455,0.56036,1,0,0
0.30061,0.30061,0.30061,0.30061,0.30061,0.30061,0.30061,0.30061,0.30061,0.30061,0.30058,0.30053,0.30048,0.30043,0.30042,0.30099,0.30085,0.30087,0.30145,0.30111,0.30083,0.30096,0.30113,0.30081,0.30089,0.30103,0.30114,0.30022,0.29663,0.29264,0.29625,0.29625,0.29625,0.29625,0.29625,0.29625,0.29625,0.29625,0.29625,0.29625,0.29628,0.29634,0.29642,0.2965,0.29656,0.29667,0.29737,0.29745,0.29784,0.29687,0.29596,0.29599,0.29632,0.29635,0.2966,0.29621,0.2963,0.28149,0.26847,0.26308,0.48525,0.48525,0.48525,0.48525,0.48525,0.48525,0.48525,0.48525,0.48525,0.48525,0.4852,0.48508,0.48495,0.48483,0.48476,0.48443,0.48349,0.48341,0.48246,0.48347,0.4851,0.48507,0.48452,0.48431,0.48414,0.48423,0.48382,0.498,0.51479,0.52399,1,0,0
0.293,0.293,0.293,0.293,0.293,0.293,0.293,0.293,0.293,0.293,0.293,0.293,0.293,0.293,0.293,0.28999,0.28977,0.29,0.28979,0.28932,0.28941,0.28936,0.289,0.28838,0.28843,0.28827,0.28806,0.28858,0.28768,0.28743,0.52943,0.52943,0.52943,0.52943,0.52943,0.52943,0.52943,0.52943,0.52943,0.52943,0.52943,0.52943,0.52943,0.52943,0.52943,0.54136,0.54148,0.54106,0.54129,0.54683,0.55061,0.55144,0.55266,0.55415,0.5542,0.55489,0.55713,0.55924,0.56688,0.57476,0.26194,0.26194,0.26194,0.26194,0.26194,0.26194,0.26194,0.26194,0.26194,0.26194,0.26194,0.26194,0.26194,0.26194,0.26194,0.25394,0.25454,0.25455,0.25445,0.24923,0.24505,0.24478,0.24392,0.24277,0.24238,0.24155,0.23983,0.2367,0.22987,0.22318,0,1,0
0.26392,0.26392,0.26392,0.26392,0.26392,0.26392,0.26392,0.26392,0.26392,0.26393,0.26403,0.26426,0.26454,0.26478,0.26492,0.26485,0.26455,0.26465,0.26496,0.26496,0.26581,0.26584,0.26587,0.26594,0.26585,0.26629,0.26635,0.26185,0.26,0.25498,0.62043,0.62043,0.62043,0.62043,0.62043,0.62043,0.62043,0.62043,0.62043,0.62042,0.62017,0.61962,0.61897,0.6184,0.61809,0.6181,0.61859,0.61816,0.61821,0.61663,0.61385,0.6131,0.60817,0.60658,0.60494,0.60381,0.60322,0.61248,0.61839,0.63035,0.19857,0.19857,0.19857,0.19857,0.19857,0.19857,0.19857,0.19857,0.19857,0.19858,0.19868,0.19891,0.19919,0.19944,0.1996,0.19956,0.1996,0.1996,0.19938,0.20081,0.20255,0.20308,0.20899,0.2101,0.21194,0.21241,0.2127,0.20645,0.20189,0.19539,1,0,0
0.229,0.229,0.229,0.229,0.229,0.229,0.229,0.229,0.229,0.229,0.22894,0.22884,0.22875,0.22871,0.22877,0.22956,0.22976,0.22949,0.22976,0.23122,0.23096,0.23016,0.22997,0.22972,0.22933,0.22855,0.2318,0.23793,0.23684,0.23693,0.74133,0.74133,0.74133,0.74133,0.74133,0.74133,0.74133,0.74133,0.74133,0.7413,0.74055,0.73912,0.7374,0.73579,0.73467,0.73219,0.73218,0.73152,0.73003,0.72783,0.72888,0.72546,0.72492,0.72518,0.72562,0.72542,0.71746,0.69152,0.69157,0.69229,0.11653,0.11653,0.11653,0.11653,0.11653,0.11653,0.11653,0.11653,0.11653,0.11655,0.11698,0.1178,0.11881,0.11977,0.12043,0.1215,0.12133,0.12184,0.12237,0.12325,0.12378,0.12716,0.12885,0.12896,0.12869,0.12802,0.13221,0.15017,0.14998,0.14925,1,0,0
0.30534,0.30534,0.30534,0.30534,0.30534,0.30534,0.30534,0.30534,0.30534,0.30534,0.30542,0.30557,0.30575,0.30591,0.306,0.30637,0.30652,0.3064,0.30681,0.30662,0.30676,0.30673,0.30611,0.30603,0.30625,0.30608,0.30714,0.30794,0.30667,0.30671,0.3231,0.3231,0.3231,0.3231,0.3231,0.3231,0.3231,0.3231,0.3231,0.3231,0.32326,0.32359,0.32401,0.3244,0.32469,0.32516,0.3253,0.32587,0.32596,0.32587,0.3267,0.32679,0.32774,0.32634,0.32654,0.32589,0.32656,0.32581,0.32646,0.32593,0.4533,0.4533,0.4533,0.4533,0.4533,0.4533,0.4533,0.4533,0.4533,0.4533,0.45312,0.45275,0.4523,0.45186,0.45157,0.45025,0.44986,0.44933,0.44881,0.44886,0.44808,0.44801,0.4481,0.44869,0.44891,0.44864,0.44747,0.44662,0.4468,0.44686,0,1,0
0.15718,0.15718,0.15718,0.15718,0.15718,0.15718,0.15718,0.15718,0.15718,0.15718,0.15713,0.15704,0.15694,0.15685,0.15679,0.157,0.15692,0.15588,0.15588,0.1555,0.15535,0.1556,0.15701,0.15699,0.15714,0.15672,0.15547,0.15516,0.1556,0.15556,0.087407,0.087407,0.087407,0.087407,0.087407,0.087407,0.087407,0.087407,0.087407,0.087407,0.08739,0.087356,0.087315,0.087279,0.087259,0.087851,0.08716,0.085917,0.085933,0.0856,0.085463,0.085565,0.086939,0.087071,0.087413,0.086096,0.086059,0.086342,0.087386,0.088182,0.83673,0.83673,0.83673,0.83673,0.83673,0.83673,0.83673,0.83673,0.83673,0.83673,0.83677,0.83685,0.83695,0.83704,0.83709,0.83681,0.8383,0.84016,0.84011,0.84023,0.84034,0.8401,0.83709,0.83683,0.83655,0.83766,0.8388,0.83855,0.83618,0.83528,0,0,1
0.29805,0.29805,0.29805,0.29805,0.29805,0.29805,0.29805,0.29805,0.29805,0.29807,0.29861,0.29962,0.30078,0.30178,0.30228,0.3023,0.30246,0.30246,0.30304,0.30347,0.30346,0.30375,0.30354,0.30386,0.30441,0.30453,0.3056,0.30614,0.30598,0.30603,0.57912,0.57912,0.57912,0.57912,0.57912,0.57912,0.57912,0.57912,0.57912,0.57905,0.57755,0.57474,0.57152,0.56876,0.56729,0.56652,0.56662,0.56662,0.56611,0.56457,0.56445,0.56377,0.56376,0.56275,0.56091,0.55951,0.5503,0.54606,0.54636,0.54717,0.20844,0.20844,0.20844,0.20844,0.20844,0.20844,0.20844,0.20844,0.20844,0.20847,0.2091,0.21031,0.21173,0.21298,0.21367,0.21411,0.2144,0.21416,0.21448,0.21528,0.21533,0.21564,0.21538,0.2158,0.21679,0.21645,0.22449,0.22844,0.2281,0.22695,0,1,0
0.29568,0.29568,0.29568,0.29568,0.29568,0.29568,0.29568,0.29568,0.29568,0.29568,0.29552,0.2951,0.29451,0.29389,0.29333,0.29239,0.29222,0.29195,0.29155,0.29162,0.2915,0.2915,0.29165,0.29159,0.29122,0.2913,0.29076,0.29015,0.28969,0.28816,0.47113,0.47113,0.47113,0.47113,0.47113,0.47113,0.47113,0.47113,0.47113,0.47113,0.47268,0.47673,0.48195,0.48695,0.49021,0.4891,0.49054,0.49176,0.49236,0.49116,0.49188,0.49171,0.4914,0.49109,0.49084,0.49041,0.49269,0.49662,0.49566,0.49674,0.32474,0.32474,0.32474,0.32474,0.32474,0.32474,0.32474,0.32474,0.32474,0.32474,0.32318,0.3192,0.31425,0.30965,0.30656,0.30692,0.30528,0.30447,0.3043,0.30435,0.30341,0.30316,0.30326,0.30324,0.30309,0.30292,0.30208,0.2994,0.29983,0.29885,0,0,1
0.30028,0.30028,0.30028,0.30028,0.30028,0.30028,0.30028,0.30028,0.30028,0.30027,0.30026,0.30023,0.30019,0.30016,0.30015,0.30015,0.30015,0.30016,0.3002,0.30042,0.29995,0.2998,0.29962,0.29992,0.30016,0.30081,0.2996,0.2991,0.29858,0.29718,0.541,0.54101,0.54101,0.54101,0.54102,0.54102,0.54102,0.54102,0.54102,0.54103,0.54112,0.54129,0.54148,0.54163,0.54168,0.54122,0.54119,0.54101,0.54098,0.54079,0.53949,0.53963,0.54005,0.53983,0.53964,0.53909,0.53859,0.5344,0.52976,0.52903,0.24196,0.24195,0.24195,0.24195,0.24195,0.24194,0.24194,0.24194,0.24194,0.24193,0.24175,0.24142,0.24104,0.24072,0.24056,0.24044,0.24068,0.24061,0.24103,0.24052,0.2418,0.24128,0.2412,0.24105,0.24133,0.24073,0.24303,0.24694,0.25258,0.25408,0,1,0
0.1739,0.1739,0.1739,0.1739,0.1739,0.1739,0.1739,0.1739,0.1739,0.17389,0.17381,0.17368,0.17354,0.17343,0.17338,0.17385,0.17368,0.1735,0.17353,0.17331,0.17496,0.17638,0.17843,0.17814,0.17865,0.17879,0.17803,0.17762,0.17747,0.17659,0.82717,0.82717,0.82717,0.82717,0.82717,0.82717,0.82717,0.82717,0.82717,0.82719,0.82738,0.8277,0.82804,0.82832,0.82843,0.82807,0.82807,0.82807,0.82836,0.82805,0.82317,0.81868,0.81331,0.81231,0.81201,0.81142,0.81083,0.81344,0.81127,0.81179,0.082137,0.082137,0.082137,0.082137,0.082137,0.082137,0.082137,0.082137,0.082137,0.08211,0.081859,0.081451,0.081013,0.080666,0.080528,0.080869,0.081042,0.081042,0.080901,0.080532,0.084375,0.086999,0.089678,0.090401,0.0915,0.091544,0.091487,0.089885,0.089431,0.089509,0,0,1
0.24645,0.24645,0.24645,0.24645,0.24645,0.24645,0.24645,0.24645,0.24645,0.24645,0.24621,0.24576,0.24523,0.24477,0.24454,0.2436,0.24313,0.24312,0.24318,0.24301,0.24182,0.24054,0.23992,0.23935,0.23947,0.23784,0.23609,0.23342,0.2276,0.22147,0.68061,0.68061,0.68061,0.68061,0.68061,0.68061,0.68061,0.68061,0.68061,0.68063,0.68114,0.68216,0.68335,0.68437,0.68491,0.68467,0.68403,0.68402,0.68463,0.68489,0.6847,0.68439,0.68515,0.68544,0.68539,0.68556,0.68611,0.68847,0.69828,0.70609,0.14907,0.14907,0.14907,0.14907,0.14907,0.14907,0.14907,0.14907,0.14907,0.14906,0.14842,0.14721,0.14581,0.14463,0.14402,0.14339,0.14323,0.14324,0.14319,0.14284,0.14252,0.14277,0.14279,0.14286,0.14271,0.14216,0.1426,0.14205,0.13709,0.13494,0,0,1
0.24527,0.24527,0.24527,0.24527,0.24527,0.24527,0.24527,0.24527,0.24527,0.24527,0.24527,0.24527,0.24527,0.24527,0.24527,0.24421,0.24442,0.24448,0.24467,0.24494,0.24463,0.24441,0.24465,0.24418,0.24417,0.24424,0.24423,0.244,0.24326,0.24217,0.67864,0.67864,0.67864,0.67864,0.67864,0.67864,0.67864,0.67864,0.67864,0.67864,0.67864,0.67864,0.67864,0.67864,0.67864,0.67771,0.67783,0.67783,0.67713,0.67652,0.67728,0.67743,0.677,0.67706,0.67729,0.67756,0.67821,0.67922,0.68137,0.68355,0.16242,0.16242,0.16242,0.16242,0.16242,0.16242,0.16242,0.16242,0.16242,0.16242,0.16242,0.16242,0.16242,0.16242,0.16242,0.16407,0.16415,0.164,0.16452,0.16475,0.16408,0.16399,0.16394,0.1641,0.16402,0.16402,0.16347,0.1623,0.16099,0.15908,1,0,0
0.32455,0.32455,0.32455,0.32454,0.32454,0.32454,0.32454,0.32454,0.32453,0.32453,0.32445,0.3243,0.32413,0.32399,0.32392,0.32392,0.32392,0.32379,0.32507,0.32466,0.32456,0.32457,0.32453,0.32482,0.32479,0.32523,0.3249,0.32476,0.32357,0.32305,0.42527,0.42525,0.42523,0.42522,0.4252,0.42519,0.42518,0.42517,0.42516,0.42512,0.4245,0.42334,0.42203,0.42092,0.42038,0.42043,0.42046,0.42058,0.42041,0.41949,0.41963,0.41935,0.4197,0.42015,0.42079,0.41935,0.41648,0.41307,0.40168,0.38763,0.33457,0.3346,0.33463,0.33465,0.33467,0.3347,0.33472,0.33474,0.33476,0.3348,0.33512,0.33571,0.33635,0.33684,0.337,0.33688,0.33696,0.33692,0.33662,0.33713,0.33727,0.33729,0.33719,0.33676,0.33686,0.3373,0.33999,0.34375,0.35133,0.36396,0,0,1
0.31569,0.31569,0.31569,0.31569,0.31569,0.31569,0.31569,0.31569,0.31569,0.31567,0.31544,0.31502,0.31453,0.31411,0.31391,0.31383,0.31334,0.31341,0.31399,0.31378,0.31291,0.31231,0.30902,0.30502,0.30327,0.30328,0.29721,0.28836,0.28747,0.28707,0.48577,0.48577,0.48577,0.48577,0.48577,0.48577,0.48577,0.48577,0.48577,0.48577,0.48559,0.48527,0.4849,0.48459,0.48443,0.48443,0.48443,0.48388,0.48407,0.48172,0.48218,0.48561,0.50449,0.52362,0.5279,0.52786,0.54226,0.57928,0.58294,0.58269,0.28199,0.28199,0.28199,0.28199,0.28199,0.28199,0.28199,0.28199,0.28199,0.28199,0.28214,0.28242,0.28274,0.28301,0.28315,0.28337,0.28349,0.28352,0.28378,0.28556,0.28596,0.28287,0.26758,0.25321,0.24972,0.24995,0.2407,0.21073,0.20852,0.209,0,1,0
0.2834,0.2834,0.2834,0.2834,0.2834,0.2834,0.2834,0.2834,0.2834,0.28341,0.28363,0.28405,0.28454,0.28495,0.28514,0.28471,0.28432,0.28443,0.28443,0.28403,0.28286,0.28218,0.28219,0.28151,0.28069,0.28032,0.27871,0.27701,0.27142,0.27669,0.22545,0.22545,0.22545,0.22545,0.22545,0.22545,0.22545,0.22545,0.22545,0.22546,0.22589,0.22674,0.22774,0.22861,0.22907,0.22889,0.2302,0.23042,0.23126,0.2321,0.23261,0.23253,0.2327,0.23185,0.23065,0.22879,0.22656,0.22503,0.21401,0.22197,0.56528,0.56528,0.56528,0.56528,0.56528,0.56528,0.56528,0.56528,0.56528,0.56526,0.5644,0.56272,0.56077,0.5591,0.55823,0.55808,0.55731,0.55737,0.55641,0.55456,0.55428,0.55396,0.5535,0.55436,0.55631,0.55656,0.55935,0.56096,0.57772,0.56293,0,0,1
0.13154,0.13154,0.13154,0.13154,0.13154,0.13154,0.13154,0.13154,0.13154,0.13154,0.13155,0.13155,0.13156,0.13157,0.13157,0.13001,0.13001,0.13001,0.13003,0.12627,0.12512,0.12474,0.12495,0.12443,0.12409,0.12271,0.12298,0.12301,0.12149,0.12275,0.89069,0.89069,0.89069,0.89069,0.89069,0.89069,0.89069,0.89069,0.89069,0.89067,0.89039,0.88987,0.88928,0.88878,0.88853,0.88912,0.88925,0.88952,0.88973,0.89592,0.89773,0.89806,0.89663,0.89648,0.89676,0.89693,0.89552,0.896,0.89713,0.89407,0.055746,0.055746,0.055746,0.055746,0.055746,0.055746,0.055746,0.055746,0.055746,0.055745,0.05572,0.055666,0.055589,0.055494,0.055387,0.055422,0.055465,0.055439,0.055231,0.053339,0.052922,0.051092,0.052075,0.051973,0.052239,0.052125,0.05307,0.05231,0.050385,0.052088,0,1,0
0.2786,0.2786,0.2786,0.2786,0.2786,0.2786,0.27848,0.27819,0.27784,0.27752,0.27733,0.27825,0.27825,0.27825,0.27818,0.27789,0.27862,0.27867,0.27867,0.27867,0.27814,0.27832,0.27897,0.28278,0.2838,0.28381,0.28395,0.28391,0.28365,0.28265,0.61327,0.61327,0.61327,0.61327,0.61327,0.61327,0.61307,0.61256,0.61188,0.61115,0.61052,0.6058,0.60577,0.60584,0.60573,0.60501,0.60348,0.60406,0.60406,0.60406,0.60436,0.60459,0.60098,0.58925,0.58636,0.58498,0.58225,0.57617,0.5758,0.56889,0.18946,0.18946,0.18946,0.18946,0.18946,0.18946,0.18984,0.19077,0.19198,0.19319,0.19411,0.1988,0.19883,0.19883,0.19899,0.1996,0.20004,0.19901,0.19907,0.19907,0.19918,0.19916,0.20206,0.21019,0.21195,0.21324,0.21508,0.21961,0.22068,0.22653,0,1,0
0.32244,0.32244,0.32244,0.32244,0.32244,0.32244,0.32244,0.32244,0.32244,0.32244,0.32284,0.32299,0.32299,0.32299,0.32311,0.32423,0.32434,0.32423,0.32423,0.32436,0.32451,0.32451,0.32458,0.32426,0.32447,0.32456,0.32529,0.32502,0.32421,0.32538,0.3618,0.3618,0.3618,0.3618,0.3618,0.3618,0.3618,0.3618,0.3618,0.3618,0.36027,0.35981,0.3599,0.35982,0.36084,0.37085,0.37521,0.37754,0.37736,0.37732,0.37728,0.37727,0.37614,0.37681,0.37742,0.37717,0.37638,0.37634,0.37525,0.3849,0.41408,0.41408,0.41408,0.41408,0.41408,0.41408,0.41408,0.41408,0.41408,0.41408,0.41555,0.41553,0.41577,0.41572,0.41469,0.40263,0.3986,0.39662,0.39658,0.39662,0.3967,0.39655,0.39761,0.39673,0.39597,0.39565,0.39659,0.39591,0.3963,0.38416,1,0,0
0.31998,0.31998,0.31998,0.31998,0.31998,0.31998,0.31998,0.31998,0.31998,0.31998,0.31998,0.31998,0.31998,0.31997,0.31868,0.31818,0.31805,0.31806,0.3183,0.3183,0.31864,0.31809,0.31731,0.31627,0.31798,0.31823,0.31715,0.31644,0.31611,0.31587,0.44698,0.44698,0.44698,0.44698,0.44698,0.44698,0.44698,0.44698,0.44698,0.44698,0.44698,0.44698,0.44698,0.44696,0.44648,0.44821,0.44815,0.44813,0.44595,0.44595,0.44479,0.44403,0.44344,0.44306,0.44275,0.44113,0.44169,0.44599,0.44847,0.45034,0.34931,0.34931,0.34931,0.34931,0.34931,0.34931,0.34931,0.34931,0.34931,0.34931,0.34931,0.34931,0.34931,0.3493,0.34744,0.34549,0.34524,0.34526,0.34706,0.34706,0.34763,0.34863,0.35037,0.35052,0.3491,0.35642,0.35071,0.34318,0.34065,0.33904,1,0,0
0.31789,0.31789,0.31789,0.31789,0.31789,0.31789,0.31789,0.31789,0.31789,0.31829,0.3173,0.31751,0.31716,0.31717,0.31764,0.3174,0.31717,0.31717,0.31725,0.31743,0.31743,0.31689,0.31677,0.31654,0.31778,0.31733,0.31747,0.31734,0.31747,0.31711,0.35408,0.35408,0.35408,0.35408,0.35408,0.35408,0.35408,0.35408,0.35408,0.35408,0.35541,0.35555,0.35546,0.35507,0.35432,0.35365,0.35352,0.35358,0.35326,0.35342,0.35326,0.35367,0.35437,0.35425,0.35855,0.3603,0.36086,0.36047,0.36212,0.36193,0.42798,0.42798,0.42798,0.42798,0.42798,0.42798,0.42798,0.42798,0.42798,0.42798,0.42749,0.4274,0.4275,0.42779,0.42854,0.42919,0.42924,0.42942,0.4292,0.42907,0.42904,0.42876,0.42825,0.4282,0.42274,0.42229,0.42123,0.41996,0.41739,0.41739,1,0,0
0.3259,0.3259,0.3259,0.3259,0.32598,0.32617,0.3264,0.32661,0.32673,0.32672,0.32716,0.32674,0.32674,0.32692,0.32766,0.32773,0.32765,0.32745,0.32737,0.32737,0.32746,0.32803,0.32858,0.32886,0.32774,0.32622,0.32622,0.32451,0.32403,0.3264,0.4504,0.4504,0.4504,0.4504,0.44999,0.44907,0.44794,0.44692,0.44632,0.44329,0.44043,0.44043,0.44041,0.43992,0.43973,0.44109,0.44112,0.44693,0.45074,0.45064,0.45232,0.45664,0.45855,0.4587,0.46368,0.46898,0.46946,0.47987,0.4812,0.48451,0.31,0.31,0.31,0.31,0.31047,0.31158,0.31297,0.31429,0.31518,0.31874,0.32141,0.32141,0.32145,0.32161,0.32045,0.31841,0.31805,0.31216,0.30853,0.308,0.30651,0.30234,0.2999,0.29969,0.29514,0.29098,0.28937,0.28019,0.28029,0.27459,0,1,0
0.31273,0.31273,0.31273,0.31273,0.31273,0.31273,0.31273,0.31273,0.31273,0.31259,0.31259,0.31299,0.31336,0.31349,0.31356,0.31336,0.31336,0.31336,0.31336,0.31365,0.31365,0.31353,0.31345,0.31346,0.31355,0.31328,0.31322,0.31332,0.31432,0.3121,0.43229,0.43229,0.43229,0.43229,0.43232,0.43238,0.43245,0.43252,0.43256,0.43229,0.43212,0.43332,0.43459,0.43555,0.43563,0.43534,0.4353,0.43518,0.43534,0.43506,0.4351,0.43455,0.43423,0.43423,0.43448,0.43493,0.43501,0.43553,0.43458,0.44064,0.35402,0.35402,0.35402,0.35402,0.35399,0.35391,0.35381,0.35372,0.35366,0.35402,0.35402,0.35298,0.35167,0.35065,0.3503,0.34954,0.34957,0.34964,0.34954,0.34954,0.34954,0.34998,0.35026,0.35022,0.34933,0.34931,0.34929,0.34868,0.34664,0.34181,0,0,1
0.29356,0.29356,0.29356,0.29356,0.29356,0.29356,0.29356,0.29356,0.29356,0.29356,0.29356,0.29356,0.29356,0.29356,0.29356,0.29356,0.29356,0.29356,0.29356,0.29356,0.29356,0.2933,0.29153,0.29105,0.29098,0.29056,0.29083,0.28544,0.27886,0.27501,0.6058,0.6058,0.6058,0.6058,0.6058,0.6058,0.6058,0.6058,0.6058,0.6058,0.6058,0.6058,0.6058,0.6058,0.6058,0.6058,0.6058,0.6058,0.6058,0.6058,0.6058,0.60569,0.60552,0.60867,0.60583,0.60554,0.60707,0.62298,0.63963,0.64655,0.20787,0.20787,0.20787,0.20787,0.20787,0.20787,0.20787,0.20787,0.20787,0.20787,0.20787,0.20787,0.20787,0.20787,0.20787,0.20787,0.20787,0.20787,0.20787,0.20787,0.20787,0.20766,0.20713,0.20985,0.20969,0.20531,0.20434,0.19516,0.18609,0.18182,0,1,0
0.30147,0.30147,0.30147,0.30147,0.30147,0.30147,0.30147,0.30147,0.30147,0.30147,0.30147,0.30147,0.30147,0.30147,0.30147,0.30147,0.30147,0.30147,0.30147,0.30147,0.30147,0.30147,0.30147,0.30147,0.30145,0.30114,0.30114,0.30252,0.30399,0.29953,0.25813,0.25813,0.25813,0.25813,0.25813,0.25813,0.25813,0.25813,0.25813,0.25813,0.25813,0.25813,0.25813,0.25813,0.25813,0.25813,0.25813,0.25813,0.25813,0.25813,0.25813,0.25813,0.25813,0.2568,0.25634,0.2552,0.2552,0.26265,0.27041,0.25707,0.547,0.547,0.547,0.547,0.547,0.547,0.547,0.547,0.547,0.547,0.547,0.547,0.547,0.547,0.547,0.547,0.547,0.547,0.547,0.547,0.547,0.547,0.547,0.54806,0.54851,0.54945,0.54945,0.54171,0.5337,0.54844,0,0,1
0.12306,0.12306,0.12306,0.12305,0.12303,0.12301,0.12299,0.12298,0.12294,0.12277,0.1233,0.12427,0.12441,0.12511,0.12707,0.12872,0.12781,0.12787,0.12881,0.12881,0.12762,0.12717,0.12721,0.12732,0.12714,0.12754,0.128,0.12955,0.12952,0.12884,0.89798,0.89798,0.89798,0.89798,0.89798,0.89798,0.89798,0.89798,0.89694,0.89731,0.89709,0.89682,0.89633,0.89514,0.89085,0.88883,0.88981,0.88979,0.88867,0.889,0.8918,0.89132,0.89136,0.89169,0.88967,0.88911,0.88735,0.88433,0.88445,0.88533,0.058424,0.058424,0.058424,0.058349,0.058171,0.057954,0.057757,0.05764,0.058255,0.058016,0.058092,0.057823,0.058183,0.058708,0.060802,0.06158,0.061251,0.06111,0.061837,0.061757,0.060149,0.059753,0.059666,0.059022,0.059185,0.057999,0.059421,0.060154,0.059164,0.058563,0,1,0
0.21421,0.21421,0.21421,0.21406,0.21373,0.21331,0.21293,0.2127,0.21279,0.21274,0.21321,0.21321,0.21279,0.21357,0.21718,0.21976,0.21895,0.21876,0.2192,0.21897,0.21788,0.21764,0.21798,0.21554,0.21353,0.21373,0.21354,0.2139,0.2205,0.22048,0.76061,0.76061,0.76061,0.76074,0.76104,0.76141,0.76176,0.76196,0.76168,0.76168,0.76138,0.76193,0.76229,0.76016,0.75227,0.74743,0.74886,0.7503,0.74951,0.74961,0.7518,0.75131,0.7506,0.75553,0.75769,0.75713,0.75749,0.75223,0.73572,0.73667,0.11048,0.11048,0.11048,0.11045,0.11037,0.11027,0.11019,0.11013,0.11029,0.11029,0.11029,0.11012,0.10978,0.11102,0.11545,0.11836,0.11705,0.11626,0.11662,0.11665,0.11532,0.11411,0.11405,0.11161,0.10923,0.10927,0.10986,0.11279,0.12261,0.12067,0,1,0
0.31946,0.31946,0.31946,0.31946,0.31946,0.31946,0.31946,0.31946,0.31946,0.31936,0.31877,0.31819,0.31768,0.31793,0.31745,0.31789,0.3177,0.31795,0.31823,0.31799,0.31783,0.3177,0.31697,0.31653,0.31653,0.31653,0.31611,0.31586,0.31568,0.31405,0.36012,0.36012,0.36012,0.36012,0.36012,0.36012,0.36012,0.36012,0.36012,0.35713,0.35517,0.35548,0.35511,0.35449,0.35048,0.3503,0.35049,0.35049,0.35049,0.35071,0.35091,0.35043,0.3499,0.34928,0.34926,0.34917,0.34684,0.34702,0.34683,0.35371,0.4211,0.4211,0.4211,0.4211,0.4211,0.4211,0.4211,0.4211,0.4211,0.42367,0.42634,0.42597,0.42691,0.42772,0.43114,0.43148,0.43125,0.43128,0.43097,0.43079,0.43064,0.43113,0.43256,0.43237,0.43217,0.43272,0.43425,0.43397,0.43383,0.42819,0,1,0
0.26774,0.26774,0.26774,0.2677,0.26758,0.26742,0.26727,0.26716,0.26722,0.26776,0.26794,0.268,0.26813,0.26794,0.26854,0.2686,0.27002,0.27007,0.26993,0.27013,0.27008,0.26996,0.27001,0.26972,0.27015,0.26939,0.26981,0.26708,0.26495,0.25888,0.62026,0.62026,0.62026,0.61979,0.61818,0.616,0.61383,0.61225,0.61145,0.60817,0.60767,0.6077,0.60724,0.60628,0.60451,0.60422,0.60105,0.60081,0.60118,0.60071,0.60103,0.6011,0.6012,0.60089,0.59946,0.59829,0.59465,0.60156,0.60563,0.61973,0.20301,0.20301,0.20301,0.20351,0.20523,0.20762,0.21002,0.21175,0.21192,0.21504,0.21535,0.21543,0.21576,0.2169,0.21821,0.21877,0.21987,0.21996,0.21967,0.22018,0.21998,0.21977,0.21946,0.21944,0.22065,0.22103,0.22503,0.22067,0.2182,0.20792,0,0,1
0.32537,0.32537,0.32537,0.32537,0.32537,0.32537,0.32537,0.32537,0.32564,0.3257,0.32524,0.32487,0.32472,0.32408,0.32359,0.31956,0.31796,0.31829,0.31799,0.31754,0.31339,0.31221,0.31194,0.31174,0.31248,0.31264,0.31313,0.31231,0.31102,0.31178,0.30779,0.30779,0.30779,0.30776,0.30761,0.30742,0.30722,0.30708,0.30584,0.30522,0.30285,0.30069,0.30089,0.2984,0.29753,0.28975,0.28854,0.28778,0.28755,0.28656,0.27203,0.26956,0.2695,0.26905,0.27037,0.26998,0.27049,0.26914,0.26566,0.26631,0.46033,0.46033,0.46033,0.46037,0.46053,0.46075,0.46097,0.46113,0.46208,0.46196,0.46135,0.46105,0.46219,0.46338,0.46466,0.47697,0.47952,0.47997,0.48089,0.48201,0.50106,0.50472,0.50505,0.50618,0.50392,0.50268,0.50231,0.50387,0.50804,0.50721,1,0,0
0.31931,0.31931,0.31931,0.31931,0.31931,0.31931,0.31931,0.31931,0.31931,0.31931,0.31931,0.31931,0.31931,0.31942,0.31883,0.31867,0.31805,0.31818,0.318,0.31774,0.31735,0.31731,0.31749,0.31746,0.31752,0.31748,0.31712,0.31552,0.31359,0.31146,0.39651,0.39651,0.39651,0.39651,0.39651,0.39651,0.39651,0.39651,0.39651,0.3974,0.39683,0.40106,0.40327,0.39792,0.40346,0.40365,0.40526,0.40664,0.40674,0.40735,0.40644,0.40667,0.40771,0.40802,0.40756,0.40192,0.39997,0.3844,0.37265,0.37796,0.3867,0.3867,0.3867,0.3867,0.3867,0.3867,0.3867,0.3867,0.3867,0.38585,0.38636,0.38636,0.38636,0.38511,0.37989,0.37986,0.37891,0.37617,0.37588,0.37535,0.37385,0.37377,0.37369,0.37351,0.37734,0.37568,0.37861,0.39336,0.40724,0.40456,0,0,1
0.22302,0.22302,0.223,0.2229,0.22275,0.2226,0.22249,0.22249,0.22254,0.22293,0.22285,0.22285,0.22308,0.22571,0.22912,0.23157,0.23108,0.23034,0.23044,0.23091,0.2304,0.22997,0.22568,0.22528,0.22481,0.22366,0.22175,0.2187,0.21144,0.20795,0.73387,0.73387,0.73386,0.73381,0.73374,0.73366,0.73361,0.73359,0.7336,0.73382,0.73373,0.73373,0.73368,0.72316,0.71322,0.70777,0.71232,0.71118,0.71108,0.7107,0.71138,0.71134,0.71928,0.71905,0.71754,0.71739,0.72079,0.72479,0.7333,0.73772,0.12799,0.12799,0.12803,0.12825,0.12857,0.1289,0.12915,0.12922,0.12919,0.12855,0.12857,0.12844,0.12849,0.13562,0.14142,0.14435,0.14181,0.14232,0.14238,0.14258,0.14132,0.14082,0.13856,0.13842,0.13822,0.13673,0.13573,0.13431,0.13136,0.13181,0,1,0
0.3189,0.3189,0.3189,0.3189,0.3189,0.3189,0.3189,0.3189,0.31925,0.31917,0.31917,0.31917,0.31917,0.31917,0.31917,0.31917,0.31917,0.31938,0.31957,0.31935,0.31873,0.31879,0.31866,0.31874,0.31843,0.31835,0.3186,0.31928,0.31901,0.32433,0.43364,0.43364,0.43364,0.43364,0.43364,0.43364,0.43364,0.43364,0.43389,0.43389,0.43389,0.43389,0.43389,0.4338,0.43389,0.43374,0.43354,0.43354,0.43329,0.43288,0.42836,0.42659,0.42633,0.42626,0.42627,0.42687,0.42488,0.40866,0.4,0.38134,0.3477,0.3477,0.3477,0.3477,0.3477,0.3477,0.3477,0.3477,0.34706,0.34706,0.34722,0.34722,0.34722,0.34722,0.34769,0.34665,0.34691,0.34691,0.34716,0.34749,0.35162,0.35316,0.3536,0.35333,0.35372,0.3526,0.35431,0.36956,0.37819,0.38988,0,0,1
0.27206,0.27206,0.27208,0.27222,0.27246,0.27272,0.27293,0.27301,0.27337,0.27424,0.27388,0.27425,0.27426,0.27438,0.2743,0.27422,0.2742,0.2743,0.2743,0.27425,0.27388,0.27429,0.27295,0.27267,0.2717,0.27044,0.26629,0.26095,0.25716,0.25701,0.63559,0.63559,0.63553,0.63488,0.6338,0.63262,0.63167,0.63127,0.62937,0.62795,0.62863,0.62855,0.62853,0.62846,0.62863,0.62863,0.62863,0.62863,0.62863,0.62853,0.63159,0.63213,0.63421,0.63405,0.63779,0.64221,0.65243,0.66555,0.66876,0.66674,0.17485,0.17485,0.17491,0.17548,0.17645,0.17753,0.17841,0.17878,0.18026,0.18088,0.18064,0.18054,0.18022,0.18011,0.18011,0.18011,0.18015,0.18015,0.18015,0.18034,0.17755,0.17684,0.176,0.17537,0.17254,0.16971,0.16237,0.1539,0.15391,0.15724,0,0,1
0.30656,0.30656,0.30656,0.30656,0.30656,0.30656,0.30656,0.30654,0.30622,0.30661,0.30691,0.30691,0.3068,0.30691,0.30691,0.30718,0.30721,0.30726,0.3073,0.30744,0.3077,0.3078,0.3076,0.30735,0.30693,0.30617,0.30552,0.30451,0.30206,0.30134,0.30107,0.30107,0.30093,0.2998,0.29797,0.29596,0.29423,0.29322,0.29255,0.2922,0.29223,0.29182,0.29023,0.29053,0.29033,0.29039,0.2905,0.29024,0.29015,0.2902,0.28972,0.2891,0.28564,0.28305,0.28401,0.28438,0.28162,0.27714,0.27042,0.26457,0.47013,0.47013,0.47029,0.47152,0.4736,0.47604,0.47834,0.48005,0.48105,0.48141,0.48196,0.48246,0.48451,0.48423,0.48423,0.48383,0.48354,0.48338,0.48334,0.48248,0.48193,0.48218,0.48534,0.48763,0.48703,0.48747,0.4902,0.49431,0.50008,0.50686,1,0,0
0.29746,0.29746,0.29746,0.29734,0.29705,0.29669,0.29636,0.29616,0.29623,0.29636,0.29643,0.29624,0.29599,0.29576,0.29555,0.29533,0.29529,0.29539,0.29528,0.29507,0.29503,0.29501,0.29498,0.29499,0.29482,0.29498,0.29501,0.29657,0.29925,0.30198,0.51394,0.51394,0.51394,0.51411,0.5145,0.51499,0.51544,0.5157,0.51557,0.51568,0.51553,0.51573,0.5159,0.51641,0.51673,0.51673,0.51673,0.51721,0.51726,0.51731,0.51715,0.51706,0.51697,0.51601,0.51501,0.51379,0.50853,0.49724,0.46888,0.44876,0.27448,0.27448,0.27448,0.27438,0.27413,0.27382,0.27354,0.27337,0.27359,0.27354,0.2738,0.27424,0.27406,0.27365,0.27352,0.27344,0.2735,0.27309,0.27322,0.2731,0.27311,0.27249,0.27237,0.27227,0.27167,0.27175,0.27533,0.28473,0.30914,0.32641,0,1,0
0.30725,0.30725,0.30725,0.30727,0.3073,0.30734,0.30737,0.30739,0.30739,0.30739,0.30753,0.30763,0.30711,0.30711,0.30718,0.30725,0.30725,0.3075,0.3073,0.30738,0.30769,0.3082,0.30811,0.30785,0.30518,0.30502,0.30472,0.30393,0.30395,0.30346,0.44259,0.44259,0.44262,0.44288,0.44331,0.44378,0.44417,0.44433,0.44444,0.4445,0.4445,0.44518,0.44567,0.44588,0.44519,0.44479,0.44468,0.44468,0.44449,0.4445,0.44444,0.44233,0.44196,0.44213,0.44244,0.44246,0.43996,0.43599,0.43591,0.4443,0.34476,0.34476,0.34471,0.34428,0.34356,0.34277,0.34214,0.34188,0.34104,0.34093,0.34109,0.3403,0.33956,0.33956,0.33917,0.33881,0.33881,0.33881,0.33903,0.3389,0.33892,0.33997,0.33977,0.33913,0.34072,0.34056,0.3426,0.34475,0.34511,0.33549,0,1,0
0.25134,0.25106,0.25081,0.25067,0.24732,0.24643,0.24643,0.24617,0.2459,0.24584,0.24537,0.24604,0.24625,0.24652,0.24641,0.24701,0.24754,0.2476,0.24772,0.24772,0.24772,0.24757,0.24775,0.24781,0.24772,0.24742,0.24807,0.24819,0.24809,0.2481,0.67266,0.67317,0.67374,0.67432,0.6822,0.68424,0.68424,0.68424,0.68452,0.68468,0.68622,0.68594,0.68576,0.68493,0.68518,0.68297,0.68027,0.68023,0.68032,0.68041,0.68041,0.68041,0.68017,0.68014,0.68054,0.68062,0.67621,0.6743,0.67172,0.67066,0.16077,0.16066,0.16052,0.16036,0.15475,0.1539,0.1539,0.15365,0.15342,0.15327,0.15258,0.15223,0.15217,0.15207,0.15198,0.15339,0.15633,0.15652,0.15683,0.1568,0.1568,0.15695,0.15652,0.15642,0.15736,0.15748,0.15912,0.15945,0.15991,0.16018,0,0,1
0.3216,0.32152,0.32131,0.32131,0.32131,0.32122,0.31987,0.31869,0.31867,0.31898,0.31922,0.32008,0.31959,0.31851,0.32328,0.31804,0.3179,0.31785,0.31785,0.3179,0.31797,0.31797,0.31509,0.31444,0.31432,0.31418,0.31406,0.31167,0.31027,0.31012,0.34583,0.34606,0.34615,0.34615,0.34615,0.34421,0.331,0.32684,0.32626,0.32617,0.32612,0.32604,0.32468,0.32092,0.31909,0.31821,0.31629,0.31654,0.31629,0.31536,0.31443,0.31528,0.29944,0.29733,0.29669,0.29419,0.29229,0.28819,0.28436,0.28118,0.42658,0.42634,0.42634,0.42634,0.42634,0.42863,0.44516,0.45103,0.45158,0.45176,0.45186,0.45139,0.45339,0.45835,0.45971,0.46016,0.46089,0.461,0.46101,0.46164,0.46278,0.46283,0.48296,0.48249,0.48283,0.48603,0.48825,0.49319,0.49723,0.49981,0,0,1
0.29544,0.29544,0.29544,0.29544,0.29544,0.29544,0.29544,0.29544,0.29544,0.29544,0.29544,0.29544,0.29544,0.29544,0.29519,0.29499,0.29495,0.29484,0.29484,0.29484,0.29484,0.29484,0.29484,0.29469,0.29327,0.29182,0.29047,0.28767,0.28273,0.2739,0.59609,0.59609,0.59609,0.59609,0.59609,0.59609,0.59609,0.59609,0.59609,0.59609,0.59609,0.59609,0.59609,0.59609,0.59555,0.59388,0.59373,0.59365,0.59365,0.59388,0.59263,0.59203,0.59232,0.59555,0.60341,0.60415,0.60467,0.60958,0.61962,0.63975,0.22422,0.22422,0.22422,0.22422,0.22422,0.22422,0.22422,0.22422,0.22422,0.22422,0.22422,0.22422,0.22422,0.22422,0.22422,0.22405,0.2242,0.22413,0.22413,0.22404,0.22397,0.22231,0.2219,0.22257,0.21615,0.21357,0.21124,0.20802,0.20253,0.18997,1,0,0
0.30279,0.30279,0.30288,0.30291,0.30279,0.30291,0.30291,0.30265,0.30195,0.30172,0.30188,0.30205,0.30194,0.30147,0.30147,0.30147,0.3016,0.30182,0.3018,0.30168,0.30154,0.30144,0.30176,0.30179,0.30043,0.30125,0.30212,0.30131,0.29978,0.29978,0.30681,0.3068,0.30657,0.30607,0.30598,0.30593,0.30447,0.30342,0.30354,0.30363,0.30428,0.30402,0.3039,0.30402,0.30402,0.30391,0.30355,0.30383,0.3039,0.30376,0.3038,0.30369,0.3035,0.30326,0.30161,0.30158,0.30132,0.29619,0.2883,0.2899,0.47493,0.47466,0.47491,0.47544,0.47595,0.47567,0.47693,0.4778,0.47835,0.47853,0.4779,0.47841,0.47871,0.47876,0.47871,0.47877,0.47917,0.47864,0.47871,0.47901,0.47881,0.47871,0.47882,0.47871,0.47812,0.47757,0.47719,0.4823,0.49132,0.48872,1,0,0
0.32518,0.32528,0.32484,0.32462,0.32462,0.32471,0.32489,0.32504,0.325,0.32507,0.32531,0.32531,0.32531,0.32521,0.3252,0.32514,0.32476,0.32529,0.32534,0.3253,0.32525,0.32483,0.3248,0.32475,0.32507,0.32522,0.32534,0.32585,0.32599,0.32577,0.47731,0.47703,0.47631,0.47763,0.47781,0.47902,0.47885,0.47913,0.47946,0.48034,0.48034,0.48034,0.48019,0.47998,0.47998,0.48003,0.48044,0.4807,0.48071,0.48169,0.48278,0.48356,0.48356,0.48314,0.48304,0.48307,0.48309,0.48275,0.48286,0.48383,0.28541,0.28572,0.28688,0.28582,0.28566,0.28455,0.28473,0.2839,0.28361,0.28297,0.28305,0.28305,0.28319,0.28329,0.2832,0.28307,0.2822,0.28194,0.28194,0.28089,0.27964,0.27873,0.27877,0.2771,0.27713,0.27698,0.27679,0.27597,0.27534,0.27469,0,0,1
0.29978,0.30021,0.30048,0.30018,0.30002,0.30119,0.30161,0.30161,0.30161,0.30161,0.30161,0.30161,0.3015,0.30137,0.30137,0.30137,0.3016,0.30161,0.30161,0.30153,0.30137,0.30097,0.30089,0.3004,0.30063,0.30132,0.30141,0.30095,0.30141,0.30118,0.54755,0.54508,0.54435,0.54553,0.54668,0.54598,0.54603,0.54613,0.54613,0.54653,0.54635,0.54668,0.54626,0.54559,0.54559,0.5458,0.54603,0.54629,0.54629,0.54581,0.54661,0.54668,0.54651,0.54799,0.54856,0.54938,0.55063,0.55623,0.5687,0.57104,0.23492,0.23679,0.23733,0.23644,0.23543,0.23541,0.23448,0.23454,0.23454,0.23418,0.23448,0.23418,0.23476,0.2345,0.23454,0.23444,0.23407,0.23406,0.23406,0.23431,0.23454,0.23476,0.23497,0.2335,0.23216,0.23022,0.22821,0.2214,0.2095,0.20747,0,1,0
0.31217,0.31218,0.31218,0.31218,0.31218,0.31158,0.31158,0.31193,0.31204,0.31204,0.31204,0.31204,0.31194,0.3115,0.3115,0.3115,0.31148,0.31138,0.3112,0.31119,0.31119,0.31109,0.31126,0.3102,0.31007,0.30982,0.30946,0.3072,0.30512,0.30523,0.43424,0.43431,0.43431,0.43431,0.43431,0.43431,0.43431,0.43463,0.43595,0.436,0.43644,0.43644,0.43578,0.43559,0.43559,0.43564,0.43607,0.43608,0.43641,0.4364,0.43654,0.43725,0.43778,0.43855,0.43913,0.43956,0.44054,0.45192,0.46864,0.47583,0.33401,0.33395,0.33395,0.33395,0.33395,0.33478,0.33478,0.33379,0.33242,0.33228,0.33211,0.33214,0.33271,0.33327,0.33311,0.33311,0.33283,0.33283,0.33283,0.33283,0.3326,0.33175,0.33091,0.32906,0.32877,0.32783,0.32618,0.31521,0.30064,0.29297,1,0,0
0.24285,0.24187,0.24174,0.24174,0.24184,0.24195,0.23989,0.23817,0.23817,0.23817,0.2382,0.23831,0.2385,0.23855,0.23862,0.23803,0.23819,0.23873,0.23852,0.23866,0.23768,0.23728,0.23676,0.23604,0.23569,0.23532,0.23483,0.23293,0.23327,0.23337,0.15385,0.1534,0.15335,0.15335,0.15293,0.1519,0.15171,0.15185,0.15185,0.15185,0.15184,0.15166,0.15134,0.15133,0.15113,0.15137,0.15162,0.15158,0.15147,0.1511,0.15086,0.15098,0.15084,0.14954,0.1494,0.14952,0.14968,0.1506,0.15387,0.15392,0.68294,0.6844,0.68458,0.68458,0.68509,0.68634,0.68849,0.68998,0.69033,0.69013,0.69013,0.69006,0.69014,0.69024,0.6897,0.69018,0.68968,0.68918,0.68942,0.68937,0.69025,0.69112,0.69166,0.69469,0.69459,0.69384,0.69332,0.69158,0.68653,0.68648,1,0,0
0.29856,0.29835,0.29841,0.29846,0.29835,0.29827,0.29833,0.29811,0.297,0.297,0.2975,0.29766,0.29766,0.29766,0.29766,0.29766,0.29761,0.29716,0.29712,0.29694,0.29639,0.29645,0.29691,0.29698,0.29681,0.2957,0.29478,0.29567,0.2965,0.29576,0.51175,0.51203,0.51186,0.51171,0.5127,0.51327,0.51398,0.51666,0.51968,0.51968,0.51893,0.51867,0.51894,0.51867,0.51874,0.51868,0.51903,0.51903,0.51912,0.52007,0.5238,0.52399,0.52473,0.52346,0.52388,0.52456,0.52512,0.52239,0.52003,0.52197,0.27073,0.27076,0.27091,0.27104,0.27003,0.26963,0.26889,0.26635,0.26428,0.26436,0.26475,0.26488,0.26461,0.26452,0.26441,0.26441,0.26413,0.26423,0.2642,0.26334,0.26052,0.26042,0.25966,0.25867,0.25873,0.25753,0.25644,0.25808,0.25965,0.25825,0,0,1
0.24445,0.24445,0.24445,0.24445,0.24445,0.24445,0.24445,0.24445,0.24445,0.24458,0.24458,0.24438,0.24375,0.24783,0.24942,0.24939,0.24937,0.24951,0.24968,0.2501,0.25023,0.25145,0.25118,0.25148,0.25144,0.25122,0.25113,0.2513,0.2511,0.25027,0.65634,0.65634,0.65634,0.65634,0.65634,0.65634,0.65634,0.65634,0.65634,0.65634,0.65569,0.65633,0.65267,0.64107,0.6364,0.63552,0.63605,0.63461,0.63458,0.63439,0.63367,0.63354,0.63344,0.63366,0.63354,0.63332,0.63325,0.63327,0.6329,0.63453,0.19365,0.19365,0.19365,0.19365,0.19365,0.19365,0.19365,0.19365,0.19365,0.19391,0.19391,0.19423,0.19768,0.20163,0.20446,0.2051,0.20531,0.20521,0.20518,0.20501,0.2053,0.20477,0.20455,0.20431,0.20439,0.20452,0.20442,0.20262,0.20328,0.20225,0,1,0
0.2487,0.24696,0.2472,0.2472,0.2472,0.24656,0.24651,0.24678,0.24687,0.24671,0.24671,0.24675,0.2462,0.24626,0.24851,0.24968,0.25015,0.25033,0.25033,0.25065,0.25069,0.25019,0.24999,0.25036,0.25079,0.2515,0.25164,0.25015,0.25038,0.2541,0.70318,0.70555,0.70579,0.70579,0.70579,0.70619,0.70563,0.7054,0.7054,0.7054,0.7054,0.70525,0.70681,0.70678,0.70274,0.70079,0.70008,0.69879,0.69852,0.69747,0.69776,0.69943,0.7,0.69767,0.69694,0.69586,0.69546,0.69546,0.69445,0.68737,0.12918,0.12853,0.12848,0.12848,0.12848,0.12837,0.12812,0.12817,0.12804,0.12802,0.12828,0.12841,0.12761,0.12762,0.13177,0.13267,0.1335,0.13375,0.13378,0.13398,0.13407,0.13401,0.13353,0.13484,0.1347,0.13425,0.13417,0.13504,0.13486,0.13695,1,0,0
0.32498,0.32496,0.32517,0.32498,0.32498,0.32517,0.32498,0.32498,0.32498,0.32498,0.32498,0.3249,0.32484,0.32503,0.32393,0.32393,0.32379,0.32379,0.32379,0.32372,0.32357,0.32357,0.32343,0.3233,0.32326,0.3232,0.32326,0.32453,0.32942,0.3317,0.43275,0.43333,0.433,0.43318,0.43325,0.43364,0.43508,0.43443,0.43453,0.43453,0.43419,0.43439,0.43476,0.43657,0.44566,0.4472,0.44785,0.44795,0.44817,0.44905,0.44917,0.44909,0.44876,0.44907,0.44924,0.44937,0.44873,0.44421,0.4394,0.43962,0.32437,0.32387,0.32377,0.32392,0.32362,0.32308,0.32239,0.32239,0.32258,0.3228,0.32239,0.32263,0.3223,0.31967,0.31074,0.30933,0.30894,0.30894,0.30875,0.30797,0.30777,0.3082,0.30849,0.30764,0.3075,0.3076,0.30821,0.31042,0.30942,0.30716,0,0,1